0111	A4F4
0111	B3B0
0112	A46A
0112	A46A
0112	A470
0112	A5C9
0112	A5CC
0112	AAE1
0112	ACF5
0112	B5AF
0112	B6C2
0112	B8A8
0112	B8BE
0112	BAF1
0112	EB4C
0112	EDF5
0113	A46A
0113	A473
0113	A550
0113	A569
0113	A656
0113	CB7A
0113	A8C8
0113	A940
0113	AA43
0113	AA6F
0113	AAAA
0113	AADB
0113	AAE1
0113	AAE3
0113	AC65
0113	AC76
0113	ACA5
0113	AD4A
0113	AD52
0113	ADB9
0113	ADBB
0113	AEE1
0113	AEE3
0113	AFF5
0113	AFF9
0113	B0A3
0113	D379
0113	B2A2
0113	B2A2
0113	B344
0113	B3BD
0113	B3C1
0113	B4C4
0113	B4D6
0113	B5D2
0113	B6C0
0113	B6C0
0113	B6C0
0113	B752
0113	B7ED
0113	B8AF
0113	BAF1
0113	BB73
0113	E3C9
0113	BEF0
0113	C1A1
0113	C3A3
0114	A46A
0114	A473
0114	A4FB
0114	A556
0114	A5C9
0114	A5CA
0114	A5CC
0114	A5D5
0114	A6CB
0114	A6E8
0114	A8A1
0114	A8A7
0114	A8A7
0114	AAE0
0114	AAE1
0114	AAE3
0114	AAF7
0114	AB43
0114	AB6E
0114	ABA2
0114	AC76
0114	AD4A
0114	AD57
0114	AD58
0114	ADB4
0114	AF7D
0114	AFF3
0114	B0A8
0114	D374
0114	B1D3
0114	B279
0114	B2A2
0114	B2A2
0114	B2F2
0114	B2F3
0114	B5D9
0114	B5E6
0114	B656
0114	BBB6
0114	BDAC
0114	BDB5
0114	BFBB
0114	C1A4
0114	C27C
0114	C4AA
0114	C5DA
0115	A4EC
0115	A4F5
0115	A6CA
0115	A7F5
0115	A7F6
0115	A87E
0115	AA4A
0115	AC55
0115	AC61
0115	AC63
0115	AD4A
0115	ADBB
0115	AEDF
0115	AEE1
0115	AEE7
0115	AFEF
0115	B1F6
0115	B1F9
0115	B4C7
0115	B566
0115	B566
0115	B7A6
0115	B7A8
0115	B7A8
0115	B8B2
0115	BBF1
0115	BDAC
0115	BEF1
0115	C073
0115	C262
0115	C266
0115	C4AB
0116	A4EC
0116	AAF7
0116	AC76
0116	ADB9
0116	ADBB
0116	AFF3
0116	C646
0117	A4C1
0117	ACD6
0117	ACD6
0117	C65B
0117	C65B
0119	A6E6
0119	AE78
0119	AFF3
0119	BAD8
0119	C65B
0121	A6D7
0121	A8C5
0122	A6D7
0122	BAD8
0123	A6D7
0123	B34A
0123	BAD8
0124	A6D7
0124	B34A
0124	BAD8
0129	A4F5
0129	A6CF
0129	A8DF
0129	AAAF
0129	AAB0
0129	AAED
0129	AEDF
0129	AF5D
0129	B0A8
0129	B344
0129	B34C
0129	B3A5
0129	B3C0
0129	B555
0129	B649
0129	B8C1
0129	B9EA
0129	BAF8
0129	BDBD
0129	BFDF
0129	C06B
0129	C246
0129	C35A
0129	C44F
0129	C55B
0129	C5FA
0129	C65B
0129	C66A
0131	A467
0131	AD5D
0131	AF66
0131	B270
0131	B941
0131	B941
0131	B941
0131	B941
0131	B941
0131	B9AB
0132	B941
0132	B941
0132	BD5C
0133	AE61
0133	AE61
0133	AE61
0133	B34A
0133	C364
0139	B941
0139	B941
0139	B941
0210	A6CB
0210	AA4C
0210	AA4C
0210	AA4C
0210	AA4C
0210	AA4C
0210	B4CB
0210	B4CB
0221	A473
0221	A4EC
0221	A4EC
0221	A4EC
0221	A55D
0221	A6CB
0221	BF4E
0221	BF4E
0222	A4A4
0222	A4D1
0222	A5D6
0222	A9F8
0222	AA47
0222	AA51
0222	AD61
0222	AEDA
0222	B0ED
0222	B3A5
0222	B3A5
0222	B3A5
0222	B4D3
0222	BEF0
0222	BEF0
0222	BEF0
0222	BFB9
0222	ECFB
0222	C2CE
0222	C3C3
0222	C4F5
0222	C65B
0311	AA75
0311	AA75
0311	AA75
0311	AA75
0311	AA75
0311	AA75
0311	AA75
0311	AA75
0311	AA75
0311	AAF1
0311	AAF1
0311	AAF1
0311	AAF1
0311	AAF1
0311	AAF1
0311	AAF1
0311	AAF1
0311	AAF1
0311	AAF1
0311	AAF1
0311	ACC0
0311	ACC3
0311	AEFC
0311	B3BD
0311	BBB7
0311	BBB7
0311	BBB7
0311	BBB7
0311	BBB7
0312	A4F4
0312	AA65
0321	AEFC
0321	B24C
0321	B348
0322	A4BA
0322	A8A9
0322	ACF5
0322	AF51
0322	B248
0322	B3BD
0322	B5EC
0322	BDBC
0322	C3C9
0322	C4D0
0322	C5BE
0322	C65B
0322	C673
0500	A5DB
0500	A5DB
0500	AA6F
0600	A46A
0600	A4F5
0600	A4F9
0600	A5BF
0600	A5C8
0600	A5D5
0600	A5DB
0600	A5DB
0600	A677
0600	A8A4
0600	AA4F
0600	AABF
0600	AAE1
0600	ACE2
0600	ACE2
0600	ADB6
0600	B07B
0600	B2A1
0600	B344
0600	B768
0600	BBC4
0600	BDF7
0600	C248
0700	A4E8
0700	A4F4
0700	A5C9
0700	A5C9
0700	A5DB
0700	AA64
0700	AAF7
0700	AAF8
0700	AEFC
0700	B2B8
0700	B6B3
0700	B7C6
0700	B7D1
0700	BBC8
0700	BBC9
0700	C0E6
0700	C54B
0811	AE61
0811	AE61
0811	B14F
0812	A74E
0813	A4F5
0813	ADBB
0813	B2E6
0813	BE4D
0821	A74E
0822	AEE3
0822	B2E6
0822	B3BD
0822	B3BD
0822	B3BD
0822	B3BD
0822	B3BD
0822	BE4D
0831	A74E
0831	A74E
0832	A448
0832	A568
0832	A5CA
0832	A8A7
0832	A8A7
0832	A8A7
0832	A8A7
0832	A8A7
0832	A8A7
0832	A8A7
0832	A8A7
0832	AA47
0832	AA47
0832	AA47
0832	AA47
0832	AAE1
0832	B0AE
0832	B0ED
0832	B2E6
0832	B2E6
0832	B2E6
0832	BB65
0832	BDAD
0832	BE4D
0832	BE4D
0832	C241
0840	A448
0840	A46A
0840	AA6F
0840	ADB9
0840	ADB9
0840	AF4E
0840	B269
0840	BEF1
0850	A5A4
0850	A642
0850	A642
0850	A658
0850	A743
0850	A8C5
0850	A8C5
0850	AB4F
0850	B0AA
0850	B0AE
0850	B0AE
0850	B2E6
0850	B56F
0850	B7D2
0850	BDD5
0850	C075
0850	C241
0861	BD5C
0861	BD5C
0862	A46A
0862	A569
0862	A5A9
0862	A7F6
0862	A8A7
0862	AAC4
0862	CDC0
0862	ADB9
0862	B374
0862	B374
0862	B3C1
0862	B5D9
0862	B6C0
0862	B85C
0862	B865
0862	B8AF
0862	BD5C
0862	BF50
0862	EB4C
0862	C1A6
0862	C1A6
0862	C1A6
0862	C3C2
0862	C47A
0862	C4D1
0862	C4D1
0863	A5C9
0863	AA47
0863	AA47
0863	B0AA
0863	B2A7
0863	B3C1
0863	B8B2
0863	B8B2
0863	BEF0
0863	BEFD
0863	BEFD
0863	C4D1
0870	B074
0870	B0CA
0870	B4D3
0870	B8C9
0870	B97D
0891	A4A4
0891	A55D
0891	A67E
0891	A6CC
0891	A6CC
0891	A6E8
0891	B34A
0891	B3C2
0891	B56F
0891	BBE6
0891	BBF1
0891	C4D1
0891	C5DA
0892	A556
0892	A6CC
0892	AFBB
0892	B371
0892	B374
0892	B374
0892	B374
0892	C4D1
0893	A4E8
0893	A642
0893	ACE2
0893	ACE2
0893	ACF5
0893	AFBB
0893	B247
0893	B6C2
0893	BF7D
0893	BF7D
0893	C2E0
0894	A466
0894	A4F4
0894	A4FB
0894	A4FB
0894	A5A4
0894	A5A9
0894	AAE1
0894	B36E
0894	B577
0894	BF7D
0895	A55B
0895	A55D
0895	ACF5
0895	ADBB
0895	AF51
0895	BAF1
0896	A473
0896	A4F4
0896	A846
0896	A846
0896	A8A7
0896	A8FD
0896	A8FD
0896	A940
0896	A940
0896	AADB
0896	AAE3
0896	AD4A
0896	ADBB
0896	AED6
0896	AF51
0896	B2A2
0896	B2CA
0896	B6C2
0896	BAEB
0896	BB5B
0896	BB5B
0896	BBB6
0896	BBB6
0896	BD5C
0896	BDB5
0896	BDBC
0896	BDBC
0896	BDD5
0896	BEA2
0896	BFBB
0896	C1A4
0896	C2E6
0896	C2E6
0896	C4A8
0896	C4AC
0896	C4AE
0896	C643
0897	A4F4
0897	A4F4
0897	A6D7
0897	A74E
0897	A74E
0897	A74E
0897	A74E
0897	AFC0
0897	B4F6
0897	B5E6
0897	BDAD
0897	C249
0897	C2E6
0899	A448
0899	A454
0899	A57C
0899	A5A4
0899	A5AC
0899	A5AC
0899	A5D5
0899	A642
0899	A6CC
0899	A6D7
0899	A6D7
0899	A6D7
0899	A6D7
0899	A759
0899	A8A1
0899	A940
0899	AA6F
0899	ACB5
0899	ACF5
0899	ADB9
0899	ADB9
0899	AF66
0899	B2A2
0899	B34A
0899	B374
0899	B374
0899	B3BD
0899	B54A
0899	B5AC
0899	B6BA
0899	B8C3
0899	B8FB
0899	BBC3
0899	BD6B
0899	BDD5
0899	BDD5
0899	C05C
0899	C0A6
0899	C2FB
0899	C37A
0899	C4A6
0911	A5CD
0911	B0E0
0911	B6C2
0919	A641
0919	AEC6
0919	BB5D
0919	C643
0920	A55B
0920	A55D
0920	A940
0920	AA47
0920	AFF9
0920	B3C1
0920	B6C2
0920	B942
0920	BAD2
0920	BB5D
0920	BDAD
0920	BDAD
0920	BE4C
0920	BEF7
0920	C471
1000	AFC8
1000	B3B7
1000	B5D2
1000	C45A
1111	A455
1111	A455
1111	A4F2
1111	A4F2
1111	A4F2
1111	A4F2
1111	A6CF
1111	A6CF
1111	AEDE
1111	B4D6
1111	B4D6
1111	B4D6
1112	B9E3
1112	B9E3
1112	BB45
1112	BB45
1112	BB45
1112	BB45
1112	BB45
1112	BB45
1113	BB45
1113	BB45
1113	BB45
1113	BB45
1119	AFC8
1119	B3C2
1119	B6B4
1119	C5FA
1121	A4F2
1121	A4F2
1121	B4D6
1121	B4D6
1121	B4D6
1122	A448
1122	A448
1122	A5A7
1122	A8C8
1122	AADA
1122	B3CA
1122	B7BB
1122	B9E3
1122	BB45
1122	BB45
1122	BDFC
1123	ACC1
1123	ACC1
1124	B6EA
1124	B867
1124	BEEE
1129	A4F2
1129	A4F2
1129	A5E9
1129	B0E9
1129	B3C2
1129	B6B4
1129	C5FA
1130	A448
1130	A4A3
1130	A4F4
1130	A4F4
1130	AFBC
1130	B077
1130	BCF6
1130	BDA6
1130	BFC4
1140	A5AC
1140	A5AC
1140	A5AC
1140	A5AC
1140	A5AC
1140	A5AC
1140	A5AC
1140	A5AC
1140	A5AC
1140	A5AC
1140	A5AC
1140	AFBD
1140	B6EC
1140	C5D6
1151	A466
1151	A4F2
1151	A4F2
1151	A4F2
1151	A642
1151	A661
1151	A67C
1151	A67C
1151	A67C
1151	A6D5
1151	A7C9
1151	A7C9
1151	A846
1151	A854
1151	A8AE
1151	A8EB
1151	A9D9
1151	AA45
1151	AA45
1151	AA45
1151	AB42
1151	AC7E
1151	ADB0
1151	AEE0
1151	AF44
1151	B162
1151	B1BE
1151	B1CF
1151	B2B4
1151	B2EE
1151	B351
1151	B351
1151	B3CA
1151	B4D6
1151	B5A1
1151	B9D4
1151	BA58
1151	BACE
1151	BE42
1151	C26F
1152	A475
1152	A5A7
1152	A5A7
1152	A5A7
1152	A651
1152	A76C
1152	A8BE
1152	ABAB
1152	ADB1
1152	AFF3
1152	B041
1152	B05F
1152	B160
1152	B2CA
1152	B2CA
1152	B2CA
1152	B3A8
1152	B3C2
1152	B3C2
1152	B3C2
1152	B4C4
1152	B4C4
1152	B4C4
1152	B4C4
1152	BAAE
1152	BD75
1152	BEF7
1152	C3B7
1159	A6A8
1159	A8EB
1159	A8EB
1159	A8EB
1159	A9A9
1159	AA41
1159	AA6F
1159	AAE1
1159	AEE0
1159	AEF8
1159	B1BE
1159	B351
1159	B36E
1159	B565
1159	BA58
1159	BA58
1159	BA75
1159	BAA3
1159	BCD0
1159	BE63
1159	C0B2
1159	C0B8
1159	C0D6
1159	C26F
1159	C350
1159	C47C
1159	C5D6
1211	A5AC
1211	B1F4
1211	B1F4
1211	B1F4
1211	B1F4
1211	B1F4
1211	B1F4
1212	B1F4
1212	B1F4
1212	B1F4
1212	B1F4
1212	B1F4
1212	B1F4
1212	B1F4
1221	B077
1221	B077
1221	B077
1221	B077
1221	B077
1221	B077
1221	B077
1222	B077
1222	B077
1222	B077
1222	B077
1222	B077
1222	B077
1222	B077
1231	AAF8
1231	B575
1231	BFC7
1232	AFBC
1232	B077
1233	AFF3
1233	B077
1233	B5B7
1233	B6EC
1233	C0D6
1233	C2A7
1239	A4E2
1239	A651
1239	B0B2
1239	B3F2
1239	B5B7
1239	B86A
1239	BBE2
1239	BBE2
1239	BBE2
1239	BE76
1239	C4FB
1301	A4F2
1301	A4F2
1301	A4F2
1301	A4F2
1301	A4F2
1301	A4F2
1301	A4F2
1301	A4F2
1301	A5D6
1301	A5D6
1301	A5D6
1301	A5D6
1301	A5D6
1301	A5D6
1301	A641
1301	ADB1
1301	B77D
1302	A4EC
1302	A5D6
1302	AFBC
1302	B6EC
1302	BE63
1302	BE63
1302	BEF3
1303	A4BD
1303	A4C6
1303	A4C6
1303	A4E2
1303	A4E2
1303	A5D6
1303	A5D6
1303	A6E6
1303	AD49
1303	AED1
1303	B879
1303	B942
1303	BCD6
1309	A470
1309	A4F2
1309	A4F2
1309	A4F2
1309	A4F2
1309	A4F2
1309	A4F2
1309	A5D6
1309	A5D6
1309	A5D6
1309	A5D6
1309	A5D6
1309	A5D6
1309	A5D6
1309	A5D6
1309	A5D6
1309	A5D6
1309	A5D6
1309	A5D6
1309	A5D6
1309	A5D6
1309	A5D6
1309	A5D6
1309	A5FE
1309	A5FE
1309	BAF4
1309	BD73
1309	BEF7
1309	BEF7
1309	BEF7
1309	BF69
1401	A4EC
1401	A4EC
1401	A4EC
1401	A4EC
1401	A4EC
1401	A4EC
1401	A4EC
1401	A4EC
1401	A4EC
1401	A4EC
1401	A4EC
1401	A661
1401	A8A4
1401	AA45
1401	AA4F
1401	AAF9
1401	ABD8
1401	ACDB
1401	AEE9
1401	B0AE
1401	B1ED
1401	B3CE
1401	B8CB
1401	B971
1401	B9A2
1401	BD63
1401	BEEE
1401	BEF0
1401	BFF7
1401	C27A
1402	A4EC
1402	A658
1402	A658
1402	A658
1402	A658
1402	A658
1402	A8BE
1402	A8BE
1402	B2C9
1402	B3E6
1402	B6B0
1402	B6EC
1402	B8CB
1402	BA63
1402	BC68
1402	C5D6
1403	A4EC
1403	A4EC
1403	A4EC
1403	A4EC
1403	A4EC
1403	A4EC
1403	A4EC
1403	A4EC
1403	A4EC
1403	A4EC
1403	A4EC
1403	A4EC
1403	A4EC
1403	A661
1403	ABCE
1403	ABF7
1404	A4EC
1404	A4EC
1404	A4EC
1404	A4EC
1404	A4EC
1404	A4EC
1404	A4EC
1404	A4EC
1404	AA4F
1404	AC68
1404	AC68
1404	AC68
1404	AC68
1404	AC68
1404	AC68
1409	A4EC
1409	A4EC
1409	A4EC
1409	A4EC
1409	A4EC
1409	A4EC
1409	A4EC
1409	A4EC
1409	A4EC
1409	A4EC
1409	A4EC
1409	A4EC
1409	A4EC
1409	A4EC
1409	A4EC
1409	A4EC
1409	A4EC
1409	A4EC
1409	A4EC
1409	A4EC
1409	A4EC
1409	A4EC
1409	A4EC
1409	A4EC
1409	A4EC
1409	A4EC
1409	A4EC
1409	A4EC
1409	A4EC
1409	A4EC
1409	A4EC
1409	A4EC
1409	A4EC
1409	A4EC
1409	A4EC
1409	A4EC
1409	A4EC
1409	A4EC
1409	A4EC
1409	A4EC
1409	A4EC
1409	A4EC
1409	A4EC
1409	A4EC
1409	A4EC
1409	A4F5
1409	A6CB
1409	A6CB
1409	A6CB
1409	A6CB
1409	A6CB
1409	A6CB
1409	A6CB
1409	A6CB
1409	A6CB
1409	A6CB
1409	A6CB
1409	A6CB
1409	A6CB
1409	A6CB
1409	A6CB
1409	A6CB
1409	A6CB
1409	A6CB
1409	A6CB
1409	A6CB
1409	A6CB
1409	A6CB
1409	A6CB
1409	A6CB
1409	A6CB
1409	A6CB
1409	A6CB
1409	A6CB
1409	AFAF
1409	AFF3
1409	B36E
1409	B36E
1409	B36E
1409	B36E
1409	B6EC
1409	B6EC
1409	B6EC
1409	BC68
1409	BC68
1409	BC68
1409	BC68
1409	BC68
1409	BDA6
1409	C04A
1409	C14E
1409	C14E
1409	C3C3
1409	C3C3
1409	C3C3
1409	C3C3
1409	C3C3
1409	C3C3
1409	C3C3
1511	AFC8
1512	A55D
1512	AB44
1512	B4D6
1512	B773
1512	B944
1512	BBC9
1512	BCD2
1513	A4FB
1513	A5CB
1513	A5D5
1513	A6C7
1513	A8BE
1513	A8BE
1513	AFC8
1513	B2D5
1513	B6C0
1513	B96A
1520	A5CB
1520	A5CB
1520	A751
1520	AFC8
1520	AFC8
1520	AFC8
1520	AFC8
1520	AFC8
1520	AFC8
1520	AFC8
1520	AFC8
1520	AFC8
1520	AFC8
1520	AFC8
1520	AFC8
1520	BE54
1591	A4C6
1591	A76C
1591	ADB1
1591	AFC8
1591	AFC8
1591	AFC8
1591	BDC3
1591	BDC3
1599	A5DB
1599	A5DB
1599	A8BE
1599	A8BE
1599	A8BE
1599	A8BE
1599	A8C6
1599	AA6F
1599	AAF7
1599	AB44
1599	ACC1
1599	AFAB
1599	AFC8
1599	AFC8
1599	AFE8
1599	B2D5
1599	B5A7
1599	B8C1
1599	B8CB
1599	B971
1599	B971
1599	B9AA
1599	BC76
1599	BCF6
1599	BDC6
1599	E7C8
1599	BEC0
1599	C248
1599	C26F
1599	C2F7
1599	C4FA
1599	C4FA
1611	33
1611	A5D6
1611	A657
1611	A96D
1611	AAF7
1611	AFC8
1611	B3DF
1611	B650
1611	B66C
1611	B6EC
1611	BEF0
1611	BEF3
1612	A4EC
1612	A64C
1612	AED1
1612	AED1
1612	AED1
1612	AED1
1612	AFC8
1612	B7D3
1612	B95D
1612	B971
1612	B971
1612	B971
1612	BA75
1612	BAF4
1612	BB45
1612	BBC9
1612	BBC9
1612	BBCA
1612	BE4E
1612	BE54
1612	BEF0
1612	BEF3
1612	BFFB
1620	B36E
1620	BC76
1620	BFFD
1620	BFFD
1700	A4C1
1700	A5CD
1700	A5DB
1700	A5DB
1700	A5DB
1700	A5DB
1700	A5DB
1700	A5DB
1700	A7EF
1700	A854
1700	A8BE
1700	A8C5
1700	AB62
1700	AEE3
1700	AFE8
1700	B073
1700	B247
1700	B247
1700	B256
1700	B54A
1700	B54A
1700	B5B4
1700	B7D1
1700	B7D1
1700	B7D1
1700	B7D1
1700	B7D1
1700	BBC4
1700	BC51
1700	BCED
1700	BEAE
1700	BF55
1700	BFF5
1700	C2F8
1700	C377
1700	C471
1700	C5DC
1810	A440
1810	A441
1810	A447
1810	A447
1810	A447
1810	A447
1810	A4A3
1810	A4C6
1810	A4D3
1810	A4D3
1810	A4EC
1810	A4EC
1810	A5CD
1810	A658
1810	A6B8
1810	A6BB
1810	A6CB
1810	A74E
1810	A7DC
1810	A845
1810	A8AA
1810	A8C5
1810	A8C5
1810	A8C8
1810	A8C8
1810	A8C8
1810	A8C8
1810	A8C8
1810	A9F1
1810	AA6F
1810	AABF
1810	AABF
1810	AABF
1810	AABF
1810	AC65
1810	AC74
1810	ADBB
1810	AEF1
1810	AEF1
1810	AEF1
1810	AEF1
1810	AEF1
1810	AEF3
1810	AFBA
1810	AFD7
1810	AFF3
1810	B073
1810	B073
1810	B073
1810	B0AA
1810	D369
1810	B0AE
1810	B242
1810	B242
1810	B242
1810	B242
1810	B242
1810	B247
1810	B247
1810	B247
1810	B247
1810	B247
1810	B247
1810	B247
1810	B256
1810	B2B8
1810	B2B8
1810	B2B8
1810	B2B8
1810	B2B8
1810	B2B8
1810	B2B8
1810	B2B8
1810	B2B8
1810	B2B8
1810	B4E1
1810	B4E2
1810	B4E2
1810	B4E2
1810	B576
1810	B576
1810	B576
1810	B576
1810	B576
1810	B576
1810	B577
1810	B675
1810	B6C0
1810	D9E6
1810	D9E6
1810	D9E6
1810	B84B
1810	B84B
1810	B84E
1810	B84E
1810	B94C
1810	B95C
1810	B95D
1810	E0B0
1810	E0BB
1810	BAD2
1810	BAD2
1810	BAD2
1810	BBC4
1810	BBCC
1810	BE4E
1810	BE4F
1810	BE54
1810	BEA2
1810	BF7D
1810	BFFC
1810	C143
1810	C143
1810	C144
1810	C2C5
1810	C650
1810	C651
1820	A441
1820	A441
1820	A441
1820	A441
1820	A441
1820	A441
1820	A441
1820	A442
1820	A442
1820	A442
1820	A476
1820	A476
1820	A4A3
1820	A4F4
1820	A4FE
1820	A4FE
1820	A4FE
1820	A4FE
1820	A4FE
1820	A4FE
1820	A57C
1820	A5D2
1820	A5D2
1820	A5D2
1820	A5D2
1820	A658
1820	A658
1820	A668
1820	A677
1820	AADA
1820	AD66
1820	AD66
1820	B0AA
1820	B0BE
1820	B247
1820	B26D
1820	B2A7
1820	B2A7
1820	B2A7
1820	B2A7
1820	B3BF
1820	D64A
1820	D64A
1820	D7F4
1820	B4E2
1820	B4E2
1820	B4E2
1820	B9EF
1820	B9EF
1820	BE46
1820	BE46
1820	BE4C
1820	BE4C
1820	C0F4
1820	C0F4
1820	C0F4
1820	C0F4
1830	A467
1830	A4D1
1830	A4D1
1830	A5CD
1830	A5CD
1830	A6B3
1830	A6B8
1830	A7BF
1830	AE61
1830	B0A9
1830	B0F6
1830	B3BD
1830	B4D3
1830	B4E1
1830	B576
1830	B95B
1830	BDC6
1830	C143
1841	26
1841	A441
1841	A454
1841	A4A3
1841	A4FE
1841	A4FE
1841	A4FE
1841	A5DB
1841	A655
1841	A7BF
1841	A7BF
1841	AABF
1841	AC74
1841	AD66
1841	B0A8
1841	B247
1841	D7F4
1841	B6EC
1841	B954
1841	BB45
1841	BB45
1841	BB45
1841	BB45
1841	BB45
1841	BB45
1841	BB45
1841	BB45
1841	BB45
1841	BB45
1841	BB45
1841	BB45
1841	BB45
1841	BE4A
1841	C0F4
1841	C2F7
1842	A442
1842	A442
1842	A4FE
1842	AABF
1842	AC74
1842	AD66
1842	B2A7
1842	B2A7
1842	B4E2
1842	BB45
1842	BB45
1842	BB45
1842	BCF6
1842	BEF3
1850	A5A7
1850	B576
1850	B577
1850	B7BB
1850	B954
1850	B9E3
1850	BAD2
1850	BB45
1850	BB45
1850	BB45
1850	BB45
1850	BB45
1850	BBC9
1850	BC75
1850	BE4C
1910	A4DE
1910	A5CD
1910	A5DB
1910	A6C3
1910	AEF8
1910	B0A3
1910	B0A3
1910	B0A3
1910	B1FE
1910	B1FE
1910	B1FE
1910	B1FE
1910	B1FE
1910	B4D3
1910	B56F
1910	B74C
1910	B74C
1910	B74C
1910	B8AD
1910	C0F4
1910	C558
1920	AA6F
1920	AA6F
1920	AA6F
1920	ABCA
1920	AC56
1920	B0CA
1920	B2A1
1920	B4D3
1920	B6EE
1920	B6EE
1920	B6EE
1920	B6EE
1920	BAA3
1920	C343
1930	A466
1930	A475
1930	A4D1
1930	A4FA
1930	A4FA
1930	A5CD
1930	A5FA
1930	A658
1930	A6E7
1930	A86D
1930	A86D
1930	AACE
1930	AACE
1930	AAED
1930	AC7E
1930	AC7E
1930	AC7E
1930	AC7E
1930	AC7E
1930	AC7E
1930	ACA1
1930	ACA1
1930	BAB0
1930	BAB0
1940	A4C6
1940	A4EE
1940	A84E
1940	A8AD
1940	A8F8
1940	AAE1
1940	AB63
1940	AB63
1940	AB63
1940	ABFC
1940	AC56
1940	AC7E
1940	AC7E
1940	AC7E
1940	AC7E
1940	ACDC
1940	ADB1
1940	ADB1
1940	ADB1
1940	ADB1
1940	ADB1
1940	ADBB
1940	ADBB
1940	ADBB
1940	AE42
1940	AFDA
1940	B26E
1940	B2B4
1940	B7F3
1940	BCED
1940	BDD5
1940	BE76
1940	BE76
1990	A441
1990	A475
1990	A4A6
1990	A4D1
1990	A4DE
1990	A4F4
1990	A4F5
1990	A4F5
1990	A556
1990	A568
1990	A5B4
1990	A5B4
1990	A64C
1990	A661
1990	A677
1990	A6B3
1990	A6B3
1990	A74E
1990	A7BF
1990	A7DC
1990	A854
1990	A8BE
1990	A8BE
1990	A8BE
1990	A8BE
1990	A954
1990	A977
1990	AA6F
1990	AAC5
1990	AAF7
1990	AAF7
1990	AB44
1990	AB44
1990	AB44
1990	AB47
1990	AB4F
1990	ABCA
1990	ABFC
1990	ACA1
1990	ACB5
1990	AD4A
1990	ADBB
1990	AE69
1990	AEE4
1990	AFBC
1990	AFF6
1990	B07B
1990	B0A3
1990	B0CA
1990	B1B5
1990	B3BD
1990	B443
1990	B4D3
1990	B54C
1990	B54C
1990	B56F
1990	B6EC
1990	B6EC
1990	B750
1990	B750
1990	B750
1990	B7C0
1990	B7D2
1990	B7D3
1990	B8C9
1990	B970
1990	B971
1990	BA7D
1990	BAEB
1990	BB45
1990	E3C9
1990	BCCC
1990	BDA6
1990	BDA6
1990	BDA6
1990	BE5A
1990	BE63
1990	BEA5
1990	BEA5
1990	BEC9
1990	BEF3
1990	C0BF
1990	C0F4
1990	C0F4
1990	C1A1
1990	C1A1
1990	C37A
1990	C471
1990	C471
1990	C471
1990	C4FA
1990	C5E3
2001	A5CD
2001	A6B3
2001	B54C
2002	A6E8
2002	A6E8
2002	A6E8
2002	A6E8
2002	A6E8
2002	A6E8
2002	A6E8
2002	A6E8
2002	A6E8
2002	A6E8
2002	A6E8
2002	A6E8
2002	A6E8
2002	A6E8
2002	A6E8
2002	A6E8
2002	A6E8
2002	A6E8
2002	A6E8
2002	A6E8
2002	A6E8
2002	A6E8
2002	A6E8
2002	A6E8
2002	A6E8
2002	A6E8
2002	A6E8
2002	AEF0
2002	AFBB
2003	A6E5
2003	A6E5
2003	A6E5
2003	A7DC
2003	AC72
2003	ACCC
2003	B0F2
2003	B344
2003	B5B2
2003	B5DF
2003	BEAE
2003	C3FE
2004	A4A4
2004	A4A4
2004	A4A4
2004	A4A4
2004	A4A4
2004	A4A4
2004	A4A4
2004	A4A4
2004	A4A4
2004	A4A4
2004	A4A4
2004	A4A4
2004	A4A4
2004	A4A4
2004	A4A4
2004	A4A4
2004	A4A4
2004	A4A4
2004	A4A4
2004	A4A4
2004	A4A4
2004	A4A4
2004	A4A4
2004	A4A4
2004	A4A4
2004	A4A4
2005	A448
2005	A448
2005	A54E
2005	A5CD
2005	A6E5
2005	A6E5
2005	A6E5
2005	A878
2005	AED6
2005	B2D3
2005	B74C
2005	B971
2005	BBC3
2005	BEAE
2005	C17B
2005	C368
2009	A4E2
2009	A4EE
2009	A57E
2009	AEF8
2009	AEF8
2009	BCC5
2009	C15E
2009	C2E5
2101	A641
2101	A655
2101	A6DB
2101	A6DB
2101	A854
2101	A854
2101	ADAB
2101	ADAB
2101	AFE8
2101	AFE8
2101	B941
2101	B941
2101	BE6D
2101	BEF7
2101	BEF7
2102	A8AE
2102	A8BE
2102	ABD8
2102	B971
2102	BEF3
2102	BEF3
2102	BEF3
2102	BEF3
2102	BEF7
2109	A552
2109	A641
2109	AA77
2109	AABF
2109	AB4F
2109	BEF3
2109	BEF3
2109	BEF3
2109	BEF3
2109	BEF3
2109	BEF3
2109	BEF3
2109	BEF3
2109	BEF3
2109	BEF3
2109	BEF3
2109	BEF3
2109	BEF3
2109	BEF3
2109	BEF3
2109	BEF3
2109	BEF3
2109	BEF3
2109	BEF3
2109	BEF3
2109	BEF3
2109	BEF3
2109	BEF3
2109	BEF3
2201	B16A
2201	B6EC
2201	B6EC
2201	B6EC
2201	B6EC
2201	B6EC
2201	C0A3
2202	B6EC
2202	B6EC
2202	B6EC
2202	B6EC
2202	B6EC
2202	B6EC
2202	B6EC
2202	B6EC
2203	A642
2203	B16A
2203	B6EC
2203	B6EC
2203	B6EC
2203	B6EC
2203	BC76
2209	AAC5
2209	AB4F
2209	B16A
2209	B16A
2209	B16A
2209	B16A
2209	B6EC
2209	B6EC
2209	B6EC
2209	B6EC
2209	B6EC
2209	B6EC
2209	B6EC
2209	B6EC
2209	B6EC
2209	B6EC
2209	B6EC
2209	B6EC
2209	B6EC
2209	B6EC
2209	B6EC
2209	B6EC
2209	B6EC
2209	B6EC
2209	B6EC
2209	B6EC
2209	B6EC
2209	B6EC
2209	B6EC
2209	B6EC
2209	B6EC
2209	B6EC
2209	B6EC
2209	B6EC
2209	B6EC
2209	B6EC
2209	B6EC
2209	B6EC
2209	B6EC
2209	B6EC
2209	B6EC
2209	B6EC
2209	B6EC
2209	B6EC
2209	B6EC
2209	B6EC
2209	B6EC
2209	B6EC
2209	B6EC
2209	C45F
2311	A4CF
2311	A6B3
2311	ACC1
2311	AF42
2311	AF4E
2311	B16A
2311	B37A
2311	BDA6
2311	C0A3
2311	C2F9
2311	C3E8
2311	C573
2312	ACC1
2312	ACC1
2312	ACC1
2312	ACC1
2312	ACC1
2312	ACC1
2312	ACC1
2312	ACC1
2312	ACC1
2313	ACC1
2313	ACC1
2313	ACC1
2313	ACC1
2319	ACC1
2319	ACC1
2319	ACC1
2319	ACC1
2319	ACC1
2319	ACC1
2319	ACC1
2319	B3B3
2319	B557
2319	B971
2319	C4C1
2321	A4A3
2321	A958
2321	AB4F
2321	AD40
2321	AD40
2321	AD40
2321	AD40
2321	BAD2
2321	C25F
2322	A467
2322	A5D5
2322	A661
2322	A9DF
2322	AB70
2322	ABF7
2322	ACF5
2322	ACF5
2322	ADB1
2322	ADB8
2322	AF5B
2322	B16D
2322	B16D
2322	B2A1
2322	B3B3
2322	B6A5
2322	B956
2322	C1A1
2322	C248
2323	AFC0
2323	B2A1
2323	B2A1
2323	B2A1
2323	B2A1
2323	B2A1
2323	B2A1
2323	B2A1
2323	B37A
2329	A475
2329	ACEC
2329	B2A1
2329	B3B3
2329	B3B3
2329	B3B3
2329	B3B3
2329	B3B3
2331	A452
2331	A4F4
2331	A4F4
2331	A4F5
2331	A5D5
2331	AA6F
2331	AABF
2331	ADB8
2331	B0AA
2331	B0AA
2331	B0AA
2332	B977
2333	A4F4
2333	A4F4
2333	A4F4
2333	A4F4
2333	A4F4
2333	A4F4
2333	A4F4
2333	A55B
2333	B256
2333	B256
2333	B256
2333	B256
2333	B256
2333	B256
2333	B256
2333	B977
2333	B977
2333	B977
2333	B977
2333	B977
2333	BFFB
2333	C5D6
2340	A46A
2340	A5DB
2340	A5DB
2340	A5DB
2340	A5DB
2340	A5DB
2340	A5DB
2340	A5DB
2340	AE78
2340	BE51
2340	BE51
2391	A448
2391	A448
2391	A4D1
2391	A4D1
2391	A5DB
2391	A5DB
2391	AAF7
2391	AAF7
2391	AAF7
2391	AAF7
2391	ACE2
2391	ACE2
2391	ACE2
2391	AF42
2391	AF42
2391	AF42
2391	B2D3
2391	B577
2391	B577
2391	B577
2391	BF69
2392	A4F4
2392	A5CD
2392	B256
2392	BCF4
2393	A55B
2393	A5DB
2393	A5DB
2393	A5DB
2393	A6C7
2399	A46A
2399	A5DB
2399	A5DB
2399	A5DB
2399	A5DB
2399	A5DB
2399	A5DB
2399	A5DB
2399	A5DB
2399	A5DB
2399	AABF
2399	AABF
2399	AB44
2399	AC74
2399	ADAB
2399	B0AA
2399	B6B3
2399	B6B3
2399	B6B3
2399	B6B3
2399	B6B3
2399	B7C6
2399	BAD2
2399	C248
2399	C248
2399	C377
2399	C45F
2411	A5CD
2411	A658
2411	A658
2411	AABD
2411	BAD2
2412	C5B1
2412	C5B1
2412	C5B1
2413	ABAC
2413	B4CE
2413	BD4C
2413	BFFB
2413	BFFB
2413	BFFB
2413	BFFB
2413	BFFB
2413	BFFB
2413	BFFB
2414	A4A3
2414	A743
2414	BFFB
2414	BFFB
2421	BE54
2421	BE54
2422	A641
2422	BE54
2423	BE54
2423	BE54
2423	BE54
2423	BE54
2423	BE54
2423	BE54
2423	BE54
2431	AFA5
2431	B971
2431	BBC9
2431	BBC9
2432	AB43
2432	B0AA
2432	B5B5
2432	B6C0
2432	B95D
2432	BE54
2432	BF4D
2433	BBC9
2433	BBC9
2433	BBC9
2433	BBC9
2433	BBC9
2433	BBC9
2433	BBC9
2491	BE4E
2491	BE4E
2491	BE4E
2491	BE4E
2491	C1E2
2491	C1E2
2491	C1E2
2491	C1E2
2499	AAF7
2499	AAF7
2499	AAF7
2499	AAF7
2499	AAF7
2499	DC67
2499	DC67
2499	B95D
2499	B95D
2499	B95D
2499	B95D
2499	B95D
2499	B960
2499	BBC8
2499	BBC8
2499	BBC8
2499	BBC8
2499	BBC8
2499	BE4E
2499	BE4E
2499	BE4E
2499	BE4E
2499	BE4E
2499	BE4E
2499	BE4E
2499	BE4E
2499	BE4E
2499	BE5A
2499	BE5A
2499	BE5A
2499	BFFC
2499	BFFC
2499	BFFC
2499	BFFC
2499	C1E2
2499	C1E2
2499	C1E2
2499	C1E2
2499	C1E2
2499	C1E2
2499	C1E2
2499	C1E2
2499	C1E2
2499	C1E2
2499	C1E2
2499	C1E2
2499	C1E2
2499	C1E2
2499	C1E2
2511	A4C1
2511	A4C1
2511	A5B4
2511	A7A8
2511	A7E6
2511	A7E6
2511	A852
2511	A8EF
2511	A9DE
2511	A9F2
2511	AAEA
2511	AE4D
2511	AFD2
2511	B0A3
2511	B0C5
2511	B0C5
2511	B3CE
2511	B95E
2511	BBC7
2511	BBD1
2511	BE53
2511	BFF7
2511	C040
2511	C1B3
2511	C2EA
2511	C2F1
2511	C549
2511	C54B
2511	C54B
2511	C668
2511	C670
2512	A852
2512	B6EC
2512	C0A3
2512	C1EB
2512	C5B1
2521	AAF7
2521	AAF7
2521	AAF7
2521	BFFB
2521	BFFB
2522	AAF7
2522	AAF7
2522	AAF7
2522	AAF7
2522	AAF7
2522	AAF7
2522	AAF7
2522	AAF7
2522	BBB4
2531	A5CB
2531	AAF7
2531	AED6
2531	C1E7
2531	C1E7
2539	AAF7
2539	AAF7
2539	AAF7
2539	AAF7
2539	AAF7
2539	AAF7
2541	BBC9
2541	BE54
2541	BFFB
2541	C1E2
2542	AFBB
2543	A4C6
2543	AAAB
2543	AAF7
2543	AB44
2543	BEF7
2543	BFFB
2544	AAF7
2544	AAF7
2544	AAF7
2544	AAF7
2544	AAF7
2549	AAF7
2549	AAF7
2549	AAF7
2591	B076
2591	B1E9
2591	B967
2591	B9D4
2591	C1B3
2591	C1B3
2591	C1B3
2591	C1B3
2591	C1B3
2592	A7E1
2592	AA4F
2592	BC75
2592	BD4C
2592	C1B3
2593	A46A
2593	A8EB
2593	AAF7
2593	AAF7
2593	AAF7
2593	AAF7
2593	AAF7
2593	AAF7
2593	AAF7
2593	AAF7
2593	B06A
2593	B076
2593	B8CB
2593	B9CF
2593	BFFB
2593	C15F
2593	C3EC
2593	C54B
2599	33
2599	A5B4
2599	A5C3
2599	AA5A
2599	AAF7
2599	AAF7
2599	AAF7
2599	AAF7
2599	AAF7
2599	AAF7
2599	AAF7
2599	AAF7
2599	AAF7
2599	AAF7
2599	AAF7
2599	AAF7
2599	AAF7
2599	AAF7
2599	AAF7
2599	AAF7
2599	AAF7
2599	AAF7
2599	AAF7
2599	AAF7
2599	AAF7
2599	AB4F
2599	B2BE
2599	B2EE
2599	B95D
2599	B971
2599	BFE1
2599	BFFB
2599	C3F6
2599	C4B5
2599	C54B
2599	C54B
2599	C5E9
2611	A5FA
2611	A641
2611	B04F
2611	BD55
2611	BF6E
2612	A447
2612	A4C0
2612	B968
2612	B971
2612	BF6E
2613	A562
2613	B4B9
2613	BF6E
2620	B971
2620	B971
2620	B971
2620	B971
2620	B971
2620	B971
2620	B971
2620	B971
2630	A64C
2630	A64C
2641	AD49
2641	B16D
2641	B247
2642	A6B3
2642	B56F
2642	B56F
2642	B56F
2642	B56F
2642	B56F
2643	A4D3
2643	A4D3
2643	A4D3
2643	A4D3
2649	AEF1
2649	B0BE
2649	B970
2649	B971
2649	B971
2649	C4B2
2691	A4B6
2691	A544
2691	ADB5
2691	B04F
2691	B1B1
2691	B5F8
2691	B9CF
2691	BAF4
2699	A5DB
2699	AC4D
2699	AF75
2699	B0DB
2699	B371
2699	B3B1
2699	B4BC
2699	B971
2699	B971
2699	B971
2699	B971
2699	B971
2699	B971
2699	B971
2699	BACF
2699	BFFD
2699	C26F
2711	A46A
2711	A475
2711	A4E2
2711	A5AD
2711	A6F8
2711	ADD3
2711	ADD3
2711	B5A7
2711	B74C
2711	B8EA
2711	B971
2711	B971
2712	B247
2712	B2D7
2712	B3B1
2712	B971
2719	A569
2719	A5CD
2719	A5FA
2719	A5FA
2719	A5FA
2719	A64C
2719	A668
2719	A6DB
2719	A8EA
2719	B1F8
2719	B7C6
2719	B971
2719	B971
2719	B971
2719	BACF
2719	BC76
2719	BCC6
2719	BCC6
2719	C048
2719	C1E4
2719	C3B8
2719	C5AA
2721	A4E2
2721	A6B3
2721	A6B3
2721	B54C
2721	B971
2729	A4D1
2729	A8AE
2729	A8BE
2729	A949
2729	B54C
2729	B54C
2729	B54C
2729	B5F8
2729	B6B0
2729	B6C7
2729	B8F4
2729	B968
2729	B971
2729	B971
2729	B971
2729	B971
2729	B971
2729	BACA
2729	BAF4
2729	BBBB
2729	BCC6
2729	BCC6
2729	BDC3
2729	BEF4
2730	A569
2730	A5FA
2730	A6AC
2730	A6D5
2730	A6E6
2730	ADB5
2730	AE61
2730	AE61
2730	B3C1
2730	B4AD
2730	B970
2730	B971
2730	B971
2730	B971
2730	BC76
2730	BDD5
2730	BFFD
2730	BFFD
2730	BFFD
2730	C249
2730	C258
2730	C258
2740	AAC5
2740	AAC5
2740	AAC5
2740	AAC5
2740	AAC5
2740	AAC5
2740	AAC5
2740	BACF
2751	A475
2751	A475
2751	A4F4
2751	A562
2751	A5CB
2751	A677
2751	A6DB
2751	A6DB
2751	A8AE
2751	A977
2751	AB48
2751	AD70
2751	AD70
2751	ADB8
2751	AFE8
2751	B4BC
2751	B54C
2751	B671
2751	B970
2751	B971
2751	B9EA
2751	BB73
2751	BCC6
2751	BDC3
2751	BDC3
2751	BEF7
2751	C0CB
2751	C0F4
2751	C0F4
2751	C16E
2752	AD70
2752	B0B1
2752	B971
2752	BEF7
2752	C4C1
2760	A4DF
2760	A4DF
2760	A5BF
2760	A6E5
2760	A9F1
2760	ADB9
2760	B0AA
2760	B970
2760	B971
2760	B971
2760	B971
2760	BACF
2760	C2E5
2760	C2E5
2760	C2E5
2771	ACDB
2771	B7D3
2771	BCC6
2779	A454
2779	A4DB
2779	A4DB
2779	A5FA
2779	A5FA
2779	A5FA
2779	A5FA
2779	A5FA
2779	A5FA
2779	A5FA
2779	A5FA
2779	A8BE
2779	A9F1
2779	A9F1
2779	AAF9
2779	B0BE
2779	B1E6
2779	B37A
2779	B5D9
2779	B971
2779	BACB
2779	BCE7
2779	C26F
2779	C36E
2779	C3E8
2779	C3E8
2779	C5E3
2779	C65B
2779	C65E
2810	A46A
2810	A4D3
2810	AB4F
2810	ADB7
2810	ADB8
2810	B05F
2810	B074
2810	B074
2810	B2EE
2810	B56F
2810	B56F
2810	B7D3
2810	B971
2810	B971
2810	B971
2810	B971
2810	B971
2810	B971
2810	BD75
2810	BFE9
2810	C54B
2820	A552
2820	A8AE
2820	ADEC
2820	B0AE
2820	B95D
2820	B971
2820	B971
2820	BB57
2820	BE59
2820	C0E3
2820	C2EC
2820	C2EC
2831	A5FA
2831	B371
2831	B373
2831	B6EC
2831	B96A
2831	B971
2831	B971
2831	B971
2831	BAA3
2831	BB72
2831	BE54
2831	BEF3
2831	BFFC
2831	C1E1
2832	AC5B
2832	B074
2832	B1B5
2832	B1B5
2832	B67D
2832	B6C7
2832	B6EC
2832	B971
2832	B971
2832	B971
2832	B971
2832	B971
2832	B971
2832	BD75
2832	C1D7
2832	C54B
2841	A4F4
2841	A4F4
2841	A74E
2841	A8AE
2841	A8AE
2841	B3BF
2841	B3BF
2841	B56F
2841	B56F
2841	B971
2841	B971
2841	BFC3
2841	BFC3
2841	C04F
2841	C04F
2842	A441
2842	A475
2842	A4D3
2842	A4E2
2842	A651
2842	ABFC
2842	ACFC
2842	B07B
2842	B56F
2842	B7D1
2842	B7D1
2842	B874
2842	B944
2842	BAF2
2842	BB45
2842	BC73
2842	BFC3
2842	C04F
2842	C269
2851	AE61
2851	AE61
2851	AE61
2852	AE61
2852	AE61
2853	AE61
2853	AE61
2853	AE61
2854	AE61
2854	AE61
2859	A5B4
2859	A5CB
2859	A5CB
2859	A5CB
2859	A74B
2859	A76A
2859	A76C
2859	AA47
2859	AA47
2859	AAC5
2859	ABF6
2859	AE61
2859	AE61
2859	AE61
2859	AF4E
2859	AF4E
2859	B1C6
2859	B74C
2859	B7D1
2859	B971
2859	B971
2859	B971
2859	B971
2859	B971
2859	B971
2859	B971
2859	B971
2859	B971
2859	B971
2859	B971
2859	B971
2859	B971
2859	B971
2859	B971
2859	B971
2859	B971
2859	B971
2859	B971
2859	B971
2859	BB5D
2890	A4A3
2890	A4BA
2890	A8E3
2890	A954
2890	B07B
2890	B56F
2890	B657
2890	B971
2890	B971
2890	B971
2890	B971
2890	B971
2890	B971
2890	B971
2890	B971
2890	B971
2890	B971
2890	B971
2890	B971
2890	B971
2890	B971
2890	BEC9
2890	BF55
2890	C4B5
2911	AAF7
2911	BA75
2911	C0A3
2911	C0A3
2911	C5B1
2912	A441
2912	A475
2912	A4C1
2912	A6DB
2912	A753
2912	A7F0
2912	A9D4
2912	A9DF
2912	AAF7
2912	AAF7
2912	AAF7
2912	AAF7
2912	AAF7
2912	B4A1
2912	B765
2912	B765
2912	BAEE
2912	BDA3
2912	BEA6
2912	BF69
2912	C04A
2912	C1B3
2912	C1B3
2912	C1B3
2919	A6F9
2919	A7E9
2919	A852
2919	A9D4
2919	AA4F
2919	AAF7
2919	ABAC
2919	B0C5
2919	B1B2
2919	B1B5
2919	B379
2919	B967
2919	B971
2919	BB73
2919	BC75
2919	BCF6
2919	C0A3
2919	C1B3
2919	C1EB
2919	C1EB
2919	C2F9
2919	C54B
2921	A46A
2921	A4A4
2921	A4C0
2921	A5DD
2921	AAE1
2921	AC7E
2921	ADB7
2921	AFD1
2921	B0A3
2921	B0EF
2921	B1C4
2921	B1C4
2921	B2E6
2921	B4A1
2921	B848
2921	B941
2921	B941
2921	B941
2921	B941
2921	B97D
2921	B9E5
2921	BC51
2921	BC51
2921	BCBD
2921	BE69
2921	BEF7
2921	BEF7
2921	C0BD
2921	C170
2922	A5B4
2922	A5DB
2922	A5DB
2922	A9A5
2922	ABF5
2922	B1B4
2922	B1B8
2922	B1C0
2922	B256
2922	BD56
2922	BF76
2922	BFEF
2922	C040
2922	C0A3
2922	C0E7
2922	C3EA
2922	C677
2923	A4F4
2923	A5A4
2923	A6CC
2923	A6D7
2923	A6DB
2923	ADB9
2923	AF4E
2923	B14F
2923	B6BC
2923	B941
2923	BAEB
2923	BB73
2923	BB73
2923	BB73
2923	BB73
2923	BD56
2923	BF69
2923	BF7A
2923	BF7D
2923	C241
2923	C4AA
2923	C4D1
2923	C643
2924	A457
2924	A457
2924	A475
2924	A4A3
2924	A4F2
2924	A64C
2924	AAE1
2924	AAEE
2924	AC56
2924	AE61
2924	AEDE
2924	AFBC
2924	AFBD
2924	B077
2924	B0B2
2924	B24D
2924	B2CA
2924	B4D6
2924	B5B7
2924	B5F4
2924	B76E
2924	BA7D
2924	BAEB
2924	BAEB
2924	BB73
2924	BCBF
2924	BCBF
2924	BCF4
2924	BCF4
2924	BD6E
2924	BD73
2924	BF53
2924	C0D6
2924	C0D6
2924	C15F
2924	C15F
2924	C15F
2924	C2B4
2924	C2B4
2924	C2B4
2924	C2B4
2924	C2B4
2925	A4EC
2925	A4EC
2925	A4EC
2925	A4EC
2925	A4EC
2925	A4EC
2925	A4EC
2925	A658
2925	A6CB
2925	A753
2925	A753
2925	B1B5
2925	BFF7
2925	C3C3
2926	A4C6
2926	A4C6
2926	A4CF
2926	A650
2926	AA6F
2926	AEBA
2926	B379
2926	B5B2
2926	BB73
2926	BBB7
2927	A4BA
2927	A76A
2927	B56F
2927	B6EC
2927	B6EC
2927	B6EC
2927	B6EC
2927	B6EC
2927	B6EC
2927	B6EC
2927	B6EC
2927	B6EE
2927	BDFC
2927	BEF3
2927	BEF3
2927	BEF3
2927	BEF3
2928	A562
2928	A64C
2928	B247
2928	B971
2929	A4F5
2929	A5CB
2929	A64C
2929	A9D4
2929	ACC1
2929	ACC1
2929	ACC1
2929	AFC8
2929	AFC8
2929	AFC8
2929	AFC8
2929	AFC8
2929	AFC8
2929	AFC8
2929	B076
2929	B1C6
2929	B3B3
2929	B8CB
2929	B95D
2929	BB73
2929	BB73
2929	BB73
2929	BDA6
2929	BF4F
2929	C5B1
2931	A4BA
2931	A4BA
2931	A4BA
2931	A4BA
2931	A4DE
2931	A4DE
2931	A4F4
2931	AB44
2931	AEF0
2931	B4F5
2931	BB5D
2931	BB5D
2931	BB5D
2931	BC51
2931	C1E7
2932	AEF0
2932	AEF0
2932	AEF0
2932	AEF0
2932	AEF0
2932	AEF0
2932	AEF0
2932	AEF0
2932	AEF0
2932	AF75
2932	B247
2932	B247
2932	B247
2932	B247
2932	B247
2932	B247
2932	B247
2932	B247
2932	B247
2932	B247
2932	B247
2932	B247
2932	B247
2933	A4A4
2933	A4EE
2933	A4F4
2933	A4F4
2933	A5B4
2933	A5CB
2933	A8A4
2933	ACA1
2933	ACA1
2933	AEF0
2933	AF75
2933	B077
2933	B0B1
2933	B247
2933	B279
2933	B279
2933	B7C0
2933	B968
2933	B9AA
2933	BDBA
2934	A559
2934	A5D6
2934	A6B1
2934	ADB8
2934	AEC9
2934	B0BE
2934	B662
2934	B662
2934	B6C7
2934	B7C6
2934	B7D9
2934	BA75
2934	BA75
2934	BC57
2934	BD75
2934	BEA6
2934	BEF7
2934	BEF7
2934	C170
2934	C170
2934	C2F7
2934	C5DC
2935	A464
2935	A4C9
2935	A651
2935	A6AB
2935	AEF0
2935	B05F
2935	B0EF
2935	B5B1
2935	B7C6
2935	B971
2935	BEF7
2935	BFE9
2936	A4C1
2936	A4E4
2936	A4E9
2936	A5B4
2936	A5B4
2936	A64C
2936	A661
2936	A6AC
2936	AB48
2936	ABCA
2936	AD70
2936	B076
2936	B848
2936	B8B9
2936	B95D
2936	BC76
2936	BCC6
2936	C249
2937	A467
2937	A4F4
2937	A6C3
2937	AAC5
2937	AEB6
2937	B6B0
2937	B8EA
2937	BC6F
2937	BC6F
2937	BEB8
2938	A4E2
2938	A4E2
2938	A4E2
2938	A4E2
2938	A4E2
2938	A4E2
2938	A4E2
2938	A4E2
2938	A4E2
2938	A4E2
2938	A4E2
2938	A4E2
2938	A4E2
2938	A4E2
2938	A4E2
2938	A4E2
2939	A475
2939	A475
2939	A475
2939	A4D3
2939	A55D
2939	A6DB
2939	A854
2939	A9E2
2939	AA6F
2939	AB44
2939	AB44
2939	AD70
2939	AEF0
2939	AEF8
2939	B160
2939	B247
2939	B4B2
2939	B7C0
2939	B7C6
2939	BB5D
2939	BB5D
2939	BC51
2939	BC51
2939	BC51
2939	BCD0
2939	BCF6
2939	BD53
3010	A564
3010	A6B2
3010	A854
3010	ABC8
3010	ABC8
3010	AF53
3010	B0AA
3010	B1BD
3010	B366
3010	B656
3010	B8CB
3010	B942
3010	B971
3010	B977
3020	A562
3020	A8AE
3020	A9EC
3020	B366
3030	A854
3030	A854
3030	A854
3030	A854
3030	A854
3030	A854
3030	A854
3030	A854
3030	A854
3030	A854
3030	A854
3030	A854
3030	A854
3030	A854
3030	A854
3030	A854
3030	A854
3030	A854
3030	A854
3030	A854
3030	A854
3030	A854
3030	A854
3030	A854
3030	A854
3030	A854
3030	A854
3030	A854
3030	A854
3030	A854
3030	A854
3030	A854
3030	A854
3030	A854
3030	A854
3030	A854
3110	A46A
3110	A470
3110	A470
3110	A475
3110	A475
3110	A4F4
3110	A4F4
3110	A4F4
3110	A4F4
3110	A552
3110	A5BC
3110	A645
3110	A645
3110	A67C
3110	A9EC
3110	AA6F
3110	ABC8
3110	ACE3
3110	AD51
3110	AD78
3110	AEF0
3110	AF42
3110	AF42
3110	AF42
3110	AF42
3110	AF42
3110	AF42
3110	AF42
3110	AF42
3110	B05F
3110	B0D3
3110	B1CF
3110	B2EE
3110	B2EE
3110	B2EE
3110	B366
3110	B4E7
3110	B943
3110	B971
3110	BAAE
3110	BBE9
3110	BCE7
3110	BF57
3110	C670
3121	A447
3121	A454
3121	B971
3121	BEF7
3121	C3E4
3122	BEF7
3122	BEF7
3122	BEF7
3122	BEF7
3122	BEF7
3122	BEF7
3122	BEF7
3122	BEF7
3122	BEF7
3122	BEF7
3122	BEF7
3131	A6DB
3131	B656
3131	B971
3131	C476
3132	A6DB
3132	A6DB
3132	A6DB
3132	A6DB
3132	A6DB
3132	A6DB
3132	A6DB
3132	A6DB
3132	A6DB
3132	A6DB
3132	A6DB
3132	A6DB
3132	A6DB
3132	A6DB
3132	A6DB
3190	A448
3190	A454
3190	A4E2
3190	A6E6
3190	A954
3190	AD78
3190	AD79
3190	AD79
3190	AD79
3190	AD79
3190	AD79
3190	AD79
3190	AD79
3190	AD79
3190	AD79
3190	AD79
3190	AD79
3190	ADB8
3190	ADB8
3190	ADB8
3190	AF62
3190	AFE8
3190	AFE8
3190	AFE8
3190	AFE8
3190	B05F
3190	B1DB
3190	B7C6
3190	B7C6
3190	B971
3190	BDC3
3190	BDFC
3190	BED4
3190	C0A6
3190	C1CA
3190	C471
3190	C66C
3211	A4EC
3211	A4EC
3211	A4EC
3211	A4EC
3211	A4EC
3211	A4EC
3211	A4EC
3211	A4EC
3211	A4EC
3211	A4EC
3211	A4EC
3211	A4EC
3211	A4EC
3211	A4EC
3211	A4EC
3211	A6B1
3211	A6CB
3211	A6CB
3211	A6CB
3211	BC68
3211	C3C3
3211	C3C3
3211	C3C3
3211	C3C3
3219	AB44
3219	ACC1
3219	AFC8
3219	B6EC
3220	AAF7
3220	AAF7
3220	AAF7
3220	AAF7
3220	AAF7
3220	AAF7
3220	AAF7
3220	AAF7
3220	AAF7
3220	BC75
3220	C05C
3311	A642
3311	A6B1
3311	A6D0
3311	A6E8
3311	A846
3311	A8AC
3311	AABD
3311	AB4F
3311	ADB8
3311	AE67
3311	AEE0
3311	B0A8
3311	B0AA
3311	B0B7
3311	B0D7
3311	B1C6
3311	B3A8
3311	B4CE
3311	B56E
3311	B5EC
3311	B65D
3311	B7C6
3311	B7C6
3311	B7C8
3311	B942
3311	B942
3311	B942
3311	B95D
3311	BAF4
3311	BCB2
3311	BCD0
3311	BCE7
3311	BD62
3311	BDC4
3311	BEF1
3311	C17C
3311	C3EC
3311	C478
3311	C54B
3311	C5E9
3312	A6E8
3312	A76A
3312	A7E8
3312	A7EB
3312	AAB1
3312	AAB1
3312	AAB1
3312	AAB1
3312	AAB1
3312	AAB1
3312	AAB1
3312	AAB1
3312	AAB1
3312	AAFB
3312	AF71
3312	AFC8
3312	B3C2
3312	B3F2
3312	B3F2
3312	B550
3312	B648
3312	B6F1
3312	B7B7
3312	B971
3312	B971
3312	B971
3312	BBBB
3312	BBEB
3312	BCD2
3312	C34D
3312	C55D
3313	A470
3313	A5B4
3313	A64E
3313	A977
3313	A9B6
3313	B3B3
3313	B860
3313	B971
3313	BADE
3313	BCD6
3313	BCD6
3313	BDD5
3313	BFFB
3313	C1E4
3313	C2AE
3314	A4E5
3314	A4F2
3314	A64C
3314	ACB4
3314	ACFC
3314	ADD7
3314	ADEC
3314	AED1
3314	AFBB
3314	B16D
3314	B3D2
3314	B565
3314	B578
3314	B5A7
3314	B6C2
3314	B95D
3314	B95D
3314	BAE2
3314	BEA5
3314	BEF3
3314	BFFB
3314	C3B1
3314	C4FA
3314	C54F
3321	A475
3321	A4D3
3321	ADB7
3321	B2B4
3321	B2B4
3321	B871
3321	BCE7
3321	C142
3321	C1F4
3329	A448
3329	A448
3329	A448
3329	A4E2
3329	A4FA
3329	A4FA
3329	A4FA
3329	A57E
3329	A6E5
3329	A755
3329	AA60
3329	AA60
3329	AF66
3329	B077
3329	B0B2
3329	B3C2
3329	B4A1
3329	B4D3
3329	B871
3329	BEA6
3329	BEC9
3329	BEE1
3329	BFE9
3329	C1D7
3329	C2E5
3329	C2E5
3329	C2E5
3329	C37E
3329	C5A5
3329	C5E9
3391	A448
3391	AAF7
3391	AAF7
3391	AF5D
3391	B651
3391	B651
3391	BFFA
3392	A9D4
3392	B673
3399	A448
3399	A448
3399	A448
3399	A448
3399	A448
3399	A4F2
3399	A4FB
3399	A4FB
3399	A5B4
3399	A5D2
3399	A5D2
3399	A64C
3399	A661
3399	A677
3399	A677
3399	A6D0
3399	A8A9
3399	A8A9
3399	A8BE
3399	A8BE
3399	A8EA
3399	AA47
3399	AA47
3399	AB4F
3399	ADBB
3399	AE63
3399	AEB0
3399	AEDE
3399	AFC8
3399	B0A9
3399	B0A9
3399	B0CA
3399	B1BD
3399	B2BD
3399	B3CA
3399	B4C3
3399	B5F4
3399	B648
3399	BDC6
3399	C471
3399	C4FA
3399	C540
3400	A475
3400	A475
3400	A4C6
3400	A4C6
3400	A4EC
3400	A55D
3400	A5D6
3400	A5FA
3400	A64C
3400	A6A8
3400	A6DB
3400	A74D
3400	A7EB
3400	A8C6
3400	AA4C
3400	AAF7
3400	AAF7
3400	AAF7
3400	AAF7
3400	AB4F
3400	ABD7
3400	AC79
3400	ACA6
3400	AD79
3400	ADB9
3400	ADEC
3400	AFBC
3400	AFC8
3400	AFC8
3400	AFE8
3400	B074
3400	B0CA
3400	B1C4
3400	B2EE
3400	B56F
3400	B5D2
3400	B6BC
3400	B6EC
3400	B941
3400	B971
3400	B971
3400	BAAE
3400	BB73
3400	BC74
3400	BCD2
3400	BEC9
3400	BEF3
3400	BEF7
3400	BEF7
3400	BEF7
3400	BFE7
3400	BFE9
3400	BFE9
3400	C0E7
3400	C1E7
3510	A4D3
3510	ADB7
3510	B074
3510	B56F
3510	BFE9
3520	AEF0
3530	A642
3530	A74E
3530	B7C5
3530	BB5D
3530	BCF6
3600	A4F4
3600	A6DB
3600	AEFC
3700	A455
3700	A455
3700	A475
3700	A4C6
3700	A4F4
3700	A4F4
3700	A4F4
3700	A6C3
3700	A6C3
3700	A6C3
3700	A6C3
3700	A6C3
3700	AC79
3700	AE61
3700	B1C6
3700	B4E5
3700	BC6F
3700	BC6F
3700	BC6F
3811	A440
3811	A4BD
3811	ABD8
3811	AE61
3811	B54C
3811	B8EA
3812	A6B3
3812	A6B3
3821	B0EF
3821	B54C
3821	B54C
3821	B54C
3822	A6B3
3822	A6B3
3822	A6B3
3822	A6B3
3822	A6B3
3822	A6B3
3822	AED6
3830	A8AE
3830	B651
3830	BC6F
3830	BC6F
3830	BC6F
3830	BC6F
3830	BC6F
3830	BC6F
3830	BC6F
3830	BC6F
3830	BC6F
3830	BC6F
3900	A6B3
3900	A6C3
3900	A6C3
3900	A6C3
3900	AA6F
3900	AEFC
4100	A475
4100	A55B
4100	A678
4100	A6ED
4100	A8AE
4100	A9D0
4100	ABC7
4100	ABC7
4100	ADDC
4100	AEC8
4100	AFC7
4100	AFE8
4100	B3D5
4100	B549
4100	B977
4100	BC40
4100	BC6F
4100	BEC7
4100	BEF7
4100	BFEC
4100	C0E7
4100	C2E5
4100	C54B
4210	A4BD
4210	A4BD
4210	A661
4210	B1B6
4210	B1C6
4210	B8F4
4210	B944
4210	BEF4
4210	C047
4210	C54B
4220	A4D1
4220	A4F4
4220	A4F4
4220	A661
4220	A6C3
4220	A6DB
4220	A6DB
4220	A6E6
4220	A9E2
4220	AAF8
4220	AAF8
4220	B4EB
4220	B56F
4220	C4E9
4290	A4F4
4290	A8BE
4290	A8BE
4290	ABC7
4290	ABC7
4290	ABC7
4290	B0AA
4290	B24A
4290	B2EE
4290	B3F7
4290	B4E4
4290	B6B0
4290	B7D2
4290	B942
4290	B971
4290	BD58
4290	BF4F
4310	A467
4310	A5DB
4310	A9A5
4310	ABCE
4310	ABD8
4310	ABD8
4310	B0F2
4310	B163
4310	B7CF
4310	B977
4310	BED7
4310	BFFB
4310	C0E7
4310	C471
4320	A448
4320	A6C0
4320	A842
4320	AE78
4320	B0B2
4320	B3F2
4320	B6EC
4320	BC51
4331	A4BD
4331	A4C9
4331	A4D3
4331	A4F4
4331	A6DB
4331	AEF8
4331	B971
4331	B971
4331	B971
4331	B971
4331	B971
4331	B971
4331	BACA
4331	BEF7
4332	A74E
4332	AAC5
4332	AEF8
4332	B371
4332	B54C
4332	B5B2
4332	B6BC
4332	BC70
4332	BDC3
4339	A640
4339	AE61
4339	C1D7
4340	A874
4340	A8BE
4340	A9D0
4340	AA6F
4340	AAF9
4340	ABC7
4340	ABC7
4340	ABC7
4340	ABC7
4340	ABC7
4340	ABC7
4340	ABD8
4340	ABD8
4340	B2A1
4340	B5A1
4390	A475
4390	A9D0
4390	AAFE
4390	AC49
4390	B05F
4390	BCD2
4390	C17B
4390	C64E
4510	B0D3
4510	B0D3
4520	BAEE
4531	A5C9
4531	A8A7
4531	AAE1
4531	B0AA
4531	B3C1
4531	BAD8
4531	BB73
4531	BD5C
4531	BD5F
4532	A4C1
4532	ACD6
4532	B4D3
4532	B6E9
4532	BAD8
4533	A5AE
4533	A5AE
4533	AE61
4533	B3BD
4533	BAD8
4533	BAD8
4533	C364
4533	C65B
4539	A4D1
4539	A5BC
4539	A5CD
4539	A5CD
4539	A5CD
4539	AB43
4539	B3C2
4539	B4D6
4539	C5FA
4539	C646
4541	A4F4
4541	B2E6
4541	BDAD
4541	BE4D
4542	AE61
4542	AF62
4542	B856
4543	A8A9
4543	B3BD
4543	BDBC
4543	C059
4543	C4A6
4544	A74E
4544	A74E
4544	A74E
4544	A74E
4544	A74E
4544	A74E
4544	A74E
4545	A4FB
4545	A5A4
4545	A642
4545	A8C5
4545	AAE1
4545	ADB9
4545	ADB9
4545	B34A
4545	B3C2
4545	B6C0
4545	B8AA
4545	BEF1
4545	C075
4546	B073
4546	B5D2
4547	A854
4547	A940
4547	AA47
4547	AFF9
4547	C471
4548	A569
4548	A6D7
4548	A8AF
4548	A940
4548	A940
4548	AD4A
4548	ADBB
4548	AFF9
4549	A642
4549	A8A7
4549	AB4F
4549	B0CA
4549	BDD5
4549	BF7C
4549	BF7D
4549	C262
4549	C262
4549	C4D1
4549	C4D1
4551	A448
4551	A4F2
4551	A67C
4551	AFBC
4551	B3C2
4551	B4D6
4551	B5B7
4551	BAAE
4552	A448
4552	A46B
4552	A4BA
4552	A4E2
4552	A4E2
4552	A4E2
4552	A4E2
4552	A5D6
4552	A5D6
4552	A6D5
4552	A7D9
4552	A86B
4552	A8EE
4552	AA41
4552	AFDD
4552	B0B2
4552	B0CA
4552	B0CA
4552	B3F2
4552	B455
4552	B4E5
4552	B5A3
4552	B6B5
4552	B879
4552	B942
4552	BACE
4552	BBE2
4552	BE76
4552	C059
4552	C0A6
4552	C4FB
4553	A5D6
4553	A5F0
4553	A9EC
4553	B244
4553	B942
4553	BE63
4559	A4BD
4559	A4C6
4559	A6E6
4559	A9D4
4559	AB42
4559	AB42
4559	AC76
4559	AD49
4559	AEC8
4559	B077
4559	B673
4559	C15F
4561	A569
4561	ADB5
4561	AE61
4561	AE61
4561	AE61
4561	B5F8
4561	B971
4561	BFFD
4561	BFFD
4561	BFFD
4562	AE61
4562	AE69
4562	BC70
4563	A4F2
4563	A661
4563	A6CA
4563	AA45
4563	AE61
4563	AEE0
4563	AFF3
4563	B041
4563	B351
4563	B351
4563	B4C8
4563	B5A1
4563	B9EC
4563	BEC0
4563	C2B8
4563	C2B8
4563	C3C3
4564	A9B3
4564	AE61
4564	AE61
4564	B1E6
4564	B7D3
4564	B7D3
4565	B2B4
4565	B2B4
4565	B971
4565	C4C1
4565	C4C1
4566	AAF7
4566	AF5D
4566	B651
4567	A4FA
4567	A4FA
4567	A568
4567	A658
4567	A6E7
4567	A74E
4567	AB47
4567	AC7E
4567	AC7E
4567	AC7E
4569	A440
4569	A6E7
4569	A74B
4569	A8EA
4569	AAA4
4569	AE61
4569	AE61
4569	AE61
4569	AE61
4569	AE61
4569	AE61
4569	AFC8
4569	AFC8
4569	B1BD
4569	B1FE
4569	B6EC
4569	C05C
4569	C340
4571	A448
4571	A4A4
4571	A5CD
4571	A6E8
4571	AA60
4571	AFBD
4571	BEA6
4571	C2E5
4572	A4C6
4572	A84E
4572	AC56
4572	AC7E
4572	AC7E
4572	ADBB
4572	ADBB
4572	ADBB
4572	BCED
4572	BEE3
4581	A4E5
4581	AED1
4581	B3F8
4581	B650
4581	C2F8
4582	A6DB
4582	A6DB
4582	B3A8
4582	B56E
4582	B56E
4582	B7C8
4582	B942
4582	C553
4582	C5E9
4583	AAB1
4583	AE54
4583	B4D1
4583	B943
4583	BC76
4583	BCD6
4583	BCD6
4583	BFFD
4583	BFFD
4611	A4EC
4611	A4EC
4611	A658
4611	A6CB
4611	A7FC
4612	A4F4
4612	A4F4
4612	A5DB
4612	A5DB
4612	ACE2
4612	B256
4612	BF6A
4613	B64B
4613	BACF
4613	BDC3
4614	B6EE
4614	BAA3
4615	AAF7
4615	AAF7
4615	ABD8
4615	B366
4615	C1B3
4619	A5AD
4619	AABF
4619	B6EC
4619	BEF3
4619	C5D6
4621	A448
4621	A475
4621	A5DB
4621	A658
4621	AACE
4621	AB44
4621	ACD6
4621	B0F2
4621	B0F2
4621	B6EC
4621	B7D1
4621	BEF3
4622	A475
4622	A475
4622	A475
4622	A4C6
4622	AA6F
4622	AC56
4622	ACC9
4622	ADB9
4622	B14D
4622	B5DB
4622	B941
4622	B941
4622	C343
4631	A854
4631	AEE3
4631	AFE8
4631	B247
4631	B7D1
4631	BCED
4631	BF55
4639	A4EC
4639	AED6
4639	B54A
4639	B7D1
4639	B7D1
4639	C17E
4639	C377
4641	A64C
4641	B971
4641	B971
4641	B971
4641	B971
4641	B971
4642	A562
4642	A64C
4642	AAC5
4642	AAC5
4642	AAC5
4642	AAC5
4642	AF75
4642	B371
4642	B6C7
4642	B74C
4642	B971
4642	B971
4642	B971
4642	B971
4642	B971
4642	BF6E
4643	A4C6
4643	A4EC
4643	AAF7
4643	ABD8
4643	ADB9
4643	ADEC
4643	AFBC
4643	B379
4643	B6EC
4643	B941
4643	BB73
4643	BFE9
4644	A5B4
4644	A5B4
4644	A6AC
4644	AD70
4644	B848
4644	BC76
4644	BC76
4644	BCC6
4644	BFEC
4649	A4D3
4649	A4F5
4649	A5B4
4649	A6DB
4649	AC7E
4649	ACDB
4649	ACFC
4649	ACFC
4649	ADB8
4649	AEF8
4649	B0D3
4649	B2EE
4649	B671
4649	B6BC
4649	B943
4649	B971
4649	B971
4649	B9EA
4649	BB52
4649	BB52
4649	BB57
4649	BDFC
4649	C2E5
4651	A46A
4651	A64E
4651	A854
4651	A9EC
4651	B1CF
4651	B366
4651	C553
4652	B971
4652	BEF7
4653	A854
4653	A854
4653	A854
4653	A854
4653	A854
4653	A8AE
4653	BEF7
4653	BEF7
4653	BEF7
4653	BEF7
4691	A65E
4691	BC6F
4691	BC6F
4691	BC6F
4691	BC6F
4699	A4A4
4699	A4E2
4699	A56A
4699	A56A
4699	A56A
4699	A5D6
4699	A64C
4699	A976
4699	AB44
4699	ACF6
4699	AFC8
4699	AFC8
4699	AFC8
4699	B0F2
4699	B3B3
4699	B3E0
4699	C248
4699	C3C0
4699	C471
4711	AB4B
4711	AEF8
4711	B657
4711	C2F8
4719	A6CA
4719	AEF8
4719	B973
4719	C2F8
4721	A4F4
4721	BDAD
4722	AE61
4722	AF62
4722	B856
4723	A8A9
4723	B3BD
4723	BDBC
4723	C059
4723	C4A6
4729	A5CD
4729	A6CC
4729	A6D7
4729	A6DB
4729	A6DB
4729	A6DB
4729	A8A7
4729	A8C5
4729	A940
4729	AB4F
4729	AFF9
4729	B073
4729	B1ED
4729	B34A
4729	B3BD
4729	B5D2
4729	B6BC
4729	BDD5
4729	BDD5
4729	BF7C
4729	BF7D
4729	C262
4729	C4D1
4729	C4D1
4729	C4D1
4729	C5F8
4731	A448
4731	A4F2
4731	A67C
4731	B3C2
4731	B4D6
4731	B5B7
4732	A448
4732	A46B
4732	A4BA
4732	A4E2
4732	A4E2
4732	A4E2
4732	A4E2
4732	A5D6
4732	A5D6
4732	A6D5
4732	A7D9
4732	A86B
4732	A8EE
4732	AA41
4732	AFDD
4732	B0B2
4732	B3F2
4732	B455
4732	B4E5
4732	B5A3
4732	B6B5
4732	B879
4732	B942
4732	BACE
4732	BBE2
4732	BE76
4732	C059
4732	C0A6
4732	C4FB
4733	A5D6
4733	A5F0
4733	A9EC
4733	B244
4733	B942
4733	BE63
4739	A4C6
4739	A6E6
4739	AB42
4739	AB42
4739	AC76
4739	AD49
4739	AEC8
4739	C15F
4741	AE61
4741	AE61
4742	AE61
4742	BC70
4743	A4F2
4743	A661
4743	A6CA
4743	AA45
4743	AAE1
4743	ACDB
4743	AE61
4743	AEE0
4743	AFF3
4743	B041
4743	B1BE
4743	B351
4743	B351
4743	B4C8
4743	B5A1
4743	B9EC
4743	BEC0
4743	C2B8
4743	C2B8
4743	C3C3
4744	B2B4
4744	B2B4
4744	B971
4744	C4C1
4744	C4C1
4745	AAF7
4745	AF5D
4745	B651
4749	A4FA
4749	A4FA
4749	A5B4
4749	A658
4749	A8EA
4749	AAA4
4749	AC7E
4749	AC7E
4749	AE61
4749	AE61
4749	AE61
4749	AE61
4749	AE61
4749	AFC8
4749	AFC8
4749	B1BD
4749	B1C6
4749	B1E6
4749	B262
4749	B7D3
4749	C05C
4749	C26F
4749	C4E1
4749	C5E9
4751	A4A4
4751	A6E5
4751	A6E8
4751	C2E5
4751	C5E9
4752	A4C6
4752	A84E
4752	AC56
4752	AC7E
4752	AC7E
4752	ADBB
4752	ADBB
4752	ADBB
4752	BCED
4752	BEE3
4761	A4E5
4761	AED1
4761	B3F8
4761	B650
4761	C2F8
4762	A6DB
4762	B0B7
4762	B3A8
4762	B56E
4762	B56E
4762	B7C8
4762	B942
4762	C553
4762	C5E9
4763	AAB1
4763	AE54
4763	B4D1
4763	B943
4763	BCD6
4763	BCD6
4764	AAC5
4764	AAC5
4764	AAC5
4764	BC76
4764	BFFD
4764	BFFD
4810	A97E
4810	AAF7
4810	B6EE
4810	BAA3
4821	A55B
4821	A55B
4821	A854
4821	AEE3
4829	A4EC
4829	B1ED
4829	B7D1
4829	B7D1
4829	B7D1
4829	BCED
4829	BEF7
4829	C471
4831	ADD3
4831	ADD3
4831	B971
4831	B971
4831	B971
4832	B371
4832	B971
4833	A569
4833	A6AC
4833	ADB5
4833	AE61
4833	B971
4833	BFFD
4833	BFFD
4833	BFFD
4841	A4A4
4841	A64E
4841	A854
4841	C553
4842	A4A4
4842	B971
4842	BEF7
4843	A4A4
4843	A4A4
4843	A854
4843	A854
4843	A854
4843	A854
4843	A854
4843	BEF7
4843	BEF7
4843	BEF7
4843	BEF7
4851	A4C1
4851	AAE1
4851	ACD6
4851	B4D3
4851	B6E9
4851	B6E9
4852	A4D1
4852	A4E2
4852	A4F4
4852	A8BE
4852	A976
4852	ACF6
4852	B3E0
4852	C364
4852	C364
4852	C364
4852	C3C0
4852	C65B
4852	C65B
4853	A447
4853	A4A4
4853	A4A4
4853	A4A4
4853	A4A4
4853	A4A4
4853	A4A4
4853	A4A4
4853	A4A4
4853	A56A
4853	A56A
4853	A56A
4861	ADB9
4861	B5D2
4861	B6BC
4862	AA41
4862	AA41
4862	AFBC
4862	BE63
4869	AAB1
4869	ADB5
4869	AE61
4869	AED1
4869	B943
4869	BC76
4871	B66C
4871	B971
4871	B971
4871	BAF4
4871	BAF4
4872	A668
4872	B3E6
4879	A548
4879	B54C
4910	C54B
4910	C54B
4920	A46A
4931	A4BD
4931	A5AB
4932	AD70
4939	A5E6
4939	AAFE
4939	B943
4940	A854
4940	A854
4940	AAFE
4940	B768
4990	A448
4990	AAC5
4990	AF62
4990	BADE
5010	AEFC
5010	AEFC
5010	AEFC
5010	BDE0
5020	A4BA
5020	B4F2
5100	A977
5100	A977
5100	AAFE
5100	AAFE
5100	ABC8
5100	B366
5210	B3F8
5220	A54E
5220	A54E
5220	A54E
5220	B2EE
5231	B3B0
5231	B3B0
5231	C54B
5232	AEFC
5233	AFE8
5241	A8AE
5241	B0B1
5249	A54E
5249	A854
5249	A8AE
5249	A8AE
5249	A8AE
5249	B0AA
5249	B3B0
5249	B944
5249	BEF4
5249	C047
5251	AFE8
5251	B2EE
5251	BD58
5251	BF4F
5259	A4DE
5259	A5B4
5259	A740
5259	A9EC
5259	AEFC
5259	B2EE
5259	B2EE
5259	B942
5260	ADB8
5260	AFE8
5260	AFE8
5260	AFE8
5260	AFE8
5260	AFE8
5260	AFE8
5260	AFE8
5260	AFE8
5290	A54E
5290	A5B4
5290	B366
5290	B366
5301	ADDC
5301	B0EF
5301	B4D7
5302	A74E
5410	A54E
5410	A55D
5410	A7D6
5410	A8E7
5420	A676
5420	AFE8
5420	B3B0
5510	A5C1
5510	A854
5510	AB43
5510	AEC8
5510	AEC8
5510	B1D0
5510	BBAB
5510	C65B
5590	A5F0
5590	A9DB
5590	C553
5610	A470
5610	A4E9
5610	A4FB
5610	A6DB
5610	A7D6
5610	A9DC
5610	AB4B
5610	ADB9
5610	B374
5610	B6BA
5610	C05C
5610	C1FA
5610	C4D1
5610	C54B
5610	C54B
5621	A642
5621	A642
5621	A74E
5621	A8A7
5621	A940
5621	AFF9
5622	B6BC
5631	A470
5631	A7D6
5631	C4D1
5632	A6E6
5632	A74E
5690	A4EB
5690	A5EB
5690	AAC5
5690	ADFB
5690	AE62
5690	B9CE
5690	BEC7
5690	C05C
5811	B773
5811	BCC6
5812	B4C1
5812	BCC6
5812	C2F8
5813	A470
5813	A661
5813	A672
5813	A6B3
5813	A6CA
5813	A7DE
5813	AED1
5813	B0D1
5813	B971
5813	BCC6
5819	A475
5819	A5D8
5819	A9FA
5819	ACFC
5819	B650
5819	B66C
5819	B7D3
5819	B971
5819	BC73
5820	A740
5820	AE4D
5820	B943
5820	BD75
5820	C0B3
5911	B0CA
5911	B971
5911	B971
5911	B971
5911	B971
5911	BFFD
5912	B971
5912	B971
5912	BC76
5912	BC76
5912	BC76
5912	BC76
5913	B971
5913	B971
5913	B971
5913	BC76
5913	BC76
5913	BFFD
5914	B971
5914	C553
5920	A4E2
5920	A4E2
5920	A54E
5920	ADB5
5920	ADB5
5920	B0DB
5920	B970
5920	B971
5920	BC73
5920	BC73
5920	BC73
5920	BC73
5920	BC73
5920	BC73
5920	BD75
5920	C16E
6010	BC73
6021	B971
6021	B971
6021	BCC6
6022	A6B3
6022	BD75
6100	A6B3
6100	B54C
6100	BAF4
6100	BDC3
6201	B971
6201	BAF4
6201	C0B3
6202	A874
6202	A874
6202	A874
6202	A874
6202	B8EA
6202	B971
6202	C2E0
6209	B36E
6209	B971
6311	A44A
6311	BAF4
6312	B6B3
6312	B8EA
6312	B8EA
6312	B971
6312	B971
6312	B9CF
6312	BAF4
6312	BAF4
6312	C0B3
6391	B371
6399	B0C5
6399	B37A
6411	A4A4
6412	A57E
6412	A5BB
6412	B0D3
6412	B14D
6413	AB48
6414	B941
6414	BAAE
6415	B66C
6415	B66C
6415	C078
6420	AAF7
6430	A640
6430	AAF7
6430	ADFB
6430	B4C1
6430	B6B0
6491	B8EA
6491	BFC4
6492	B2BC
6493	C3D2
6494	AB48
6495	B0CA
6495	B7ED
6496	A5C1
6496	A854
6496	C0B3
6499	A7EB
6499	B3D0
6499	C078
6510	A448
6510	A67E
6510	B0B7
6510	B6CB
6510	BEC7
6520	A4F5
6520	A673
6520	AB4F
6520	AEFC
6520	B05D
6520	B364
6520	B3B0
6530	A641
6540	B068
6551	A641
6551	AB4F
6551	AB4F
6559	AB4F
6559	AB4F
6559	ADB7
6611	C3D2
6611	C3D2
6611	C3D2
6619	C3D2
6619	C3D2
6619	C3D2
6621	B4C1
6621	B4C1
6629	B4C1
6629	B4C1
6631	A7EB
6639	A9E8
6639	AAF7
6639	AB48
6639	AB48
6639	AB48
6639	AB48
6639	ABD8
6639	B2BC
6639	B2C4
6639	B971
6640	B0F2
6700	A467
6700	A475
6700	A475
6700	A4BD
6700	A6ED
6700	B773
6700	C26C
6811	A467
6811	A46A
6811	A475
6811	A4A3
6811	A6ED
6812	A4A3
6812	A4A3
6891	A5AB
6891	AE69
6899	A4A3
6911	ABDF
6912	A54E
6912	A661
6919	A4BD
6919	B14D
6920	B04F
6920	B04F
6920	B05D
6920	B05D
6920	B05D
6920	B162
6920	B162
6920	B57C
6920	B77C
6920	B77C
7010	A5F8
7010	A5F8
7020	49
7020	A448
7020	A4BD
7020	A5CD
7020	A6E6
7020	B05D
7020	B2D5
7020	BE50
7111	ABD8
7111	ABD8
7111	B379
7111	B3A3
7111	B4BA
7112	A467
7112	A46A
7112	A475
7112	A475
7112	A475
7112	A4C6
7112	A4F4
7112	A4F4
7112	A5E6
7112	A661
7112	A661
7112	A74E
7112	ABD8
7112	ABD8
7112	ADB5
7112	B1C4
7112	B5B2
7112	B971
7112	B971
7112	B971
7112	BB73
7112	BEF7
7112	BF6E
7112	C0B3
7112	C0F4
7121	C0F4
7129	A7F7
7129	A854
7129	AB44
7129	ADB9
7129	AEB6
7129	B0D3
7129	B2A3
7129	B942
7129	BEF7
7129	C471
7210	A475
7210	A475
7210	A4C6
7210	A4D1
7210	A4D3
7210	A5CD
7210	A661
7210	A661
7210	A7F7
7210	AAAB
7210	AD70
7210	AEF0
7210	AEFC
7210	B0CA
7210	B0F2
7210	B2CE
7210	B4D3
7210	B941
7210	B941
7210	BCC6
7210	C0F4
7210	C17B
7210	C2E5
7210	C3C4
7220	A448
7220	A4DF
7220	A4E5
7220	A6E6
7220	AA6B
7220	AAC0
7220	AC46
7220	ADF5
7220	B1D0
7220	B867
7220	BADE
7220	BB79
7220	BEFA
7230	BAEE
7310	A4BD
7310	A4E1
7310	A8AE
7310	A9B1
7310	A9DB
7310	B3F8
7310	B443
7310	B443
7310	B66C
7310	BAF4
7310	BC73
7310	BC73
7310	BC73
7310	BC73
7310	C3F6
7320	A5AB
7320	A5AB
7320	A5C1
7401	ABC7
7402	A475
7402	B2A3
7402	B2A3
7402	B2A3
7409	A55D
7409	A5AD
7409	A5F8
7409	A668
7409	AA41
7409	AC79
7409	AE61
7409	AF5D
7409	B0D3
7409	B0D3
7409	B5F8
7500	B0CA
7500	B0CA
7500	B0CA
7500	B0CA
7601	A54E
7601	ACDB
7601	B0D3
7601	B142
7601	B5B2
7601	B7D3
7602	A4E2
7602	A4E5
7602	A650
7603	A740
7603	B942
7603	BA71
7603	BCD2
7603	C3C0
7603	C3C0
7609	49
7609	A54E
7609	A56A
7609	AA4C
7609	ADB9
7609	AEF0
7609	AF5D
7609	AFBC
7609	B14D
7609	B941
7609	BAAE
7609	BFE7
7609	C0F4
7609	C3C0
7609	C471
7711	B05F
7711	C0E7
7712	A4EC
7712	A55D
7712	AAF7
7712	ADB9
7712	AFBC
7712	B0CA
7712	B941
7712	C471
7713	A8C6
7713	B971
7713	B971
7713	BC76
7713	BFEC
7719	A6DB
7719	A74E
7719	AC79
7719	B366
7719	B366
7719	B4FA
7719	B56F
7719	B971
7719	B971
7719	BB52
7719	BB52
7719	BC76
7719	C2E5
7721	A854
7721	B366
7729	ADB8
7729	B0AA
7729	B2EE
7729	BEF7
7731	A4E2
7731	A67C
7731	A6DB
7731	A846
7731	AEFC
7731	AF42
7731	B0B7
7731	B56E
7731	C553
7731	C5E9
7732	BAD0
7732	BC76
7732	BC76
7732	BFFD
7739	A470
7739	AAED
7739	ACD6
7739	AE61
7739	AE61
7739	AE62
7739	AEE0
7739	AF5D
7739	BAA9
7739	BCD6
7739	C2A7
7739	C2F8
7740	B0D3
7740	B14D
7740	B14D
7740	B1C4
7810	A448
7810	A448
7810	A57E
7810	ACDD
7810	BA74
7810	C2BE
7820	A448
7820	A448
7900	A54E
7900	A54E
7900	A54E
7900	A54E
7900	A677
7900	ADB5
7900	AEC8
7900	B942
7900	BBE2
7900	BEC9
8001	A448
8001	A874
8001	B942
8001	BE6E
8002	A870
8110	ABD8
8120	A46A
8120	A475
8120	A4F4
8120	A5D5
8120	A661
8120	A97E
8120	AA6F
8120	AF66
8120	B27E
8120	B2EE
8120	B942
8120	B944
8120	B971
8120	B9AB
8120	BFEC
8120	C0F4
8120	C0F4
8120	C1E7
8130	ABD8
8130	AE78
8130	AFF3
8130	BEF0
8201	A54E
8201	AB48
8201	AB48
8202	A475
8202	B77C
8203	BC76
8203	C5CE
8209	A4E5
8209	A54E
8209	A54E
8209	A55D
8209	A661
8209	AB48
8209	B1F8
8209	B374
8209	B66C
8209	B77C
8209	B971
8209	B971
8209	BF57
8311	A4A4
8311	A5AB
8311	AABD
8311	B0CF
8311	B66D
8311	B871
8311	B871
8311	BFA4
8311	BFA4
8311	C2ED
8312	A4A4
8312	A5AB
8312	AABD
8312	B66D
8312	BFA4
8312	BFA4
8312	C2ED
8320	AD78
8320	AD78
8320	B3A1
8330	A4BD
8330	A4BD
8330	A5A2
8330	A5FE
8330	AD78
8330	B0EA
8330	B3D2
8330	B3D2
8330	B941
8400	AC46
8400	BE6E
8400	BE6E
8510	A5AE
8510	BEC7
8520	B0EA
8530	A7B9
8530	B0AA
8530	B0EA
8530	BAEE
8540	C2BE
8550	A46A
8550	B14D
8550	BF57
8560	AF53
8560	B1D2
8560	B1D2
8560	B1D2
8571	A4E2
8571	A57E
8572	A4E2
8572	ACFC
8572	ADB5
8572	BB52
8572	C0B8
8572	C4E1
8573	AA5A
8573	AC58
8573	AEF0
8573	AFC8
8573	B0A8
8573	B0D5
8573	B3F2
8573	B4E5
8573	B660
8573	B7EC
8573	BCE7
8573	C5E9
8574	AFB5
8574	B14D
8574	B374
8574	B971
8574	BFEC
8575	A4BD
8575	A4C9
8575	A4C9
8575	A4C9
8575	ACE3
8575	B0AA
8575	B0EA
8575	B0EA
8575	B0EA
8575	B14D
8579	A740
8579	A844
8579	A854
8579	AAC0
8579	ACFC
8579	ADB8
8579	AE61
8579	AF5D
8579	B1CF
8579	B374
8579	B971
8579	BA74
8579	C2BE
8579	C55D
8580	A54E
8580	A54E
8580	B1D0
8580	B1D0
8580	B1D0
8580	BDD2
8580	BEC7
8610	A4A4
8610	A8E0
8610	AD78
8610	B14D
8610	BA43
8610	BAEB
8610	BAEE
8620	A440
8620	A4A4
8620	A4FA
8620	A6E8
8620	A9CA
8620	AB4F
8620	ACFC
8620	B0B7
8620	B14D
8620	B645
8620	BA43
8620	BDC3
8620	BDC3
8620	C170
8620	C2E5
8691	44
8691	AF66
8691	B0B7
8691	C2E5
8691	C2E5
8699	A4DF
8699	A5C1
8699	A755
8699	A97E
8699	AAAB
8699	AAC0
8699	AEBD
8699	AEBD
8699	B0A9
8699	B0EA
8699	B0EA
8699	B1CF
8699	B2A3
8699	C0E7
8699	C2BE
8699	C2C0
8699	C540
8699	C65E
8701	A6D1
8701	B4D3
8701	B752
8702	A6ED
8703	A4AF
8703	A677
8703	A6D1
8703	A6D1
8703	A6D1
8709	A4D6
8709	A4D6
8709	A5BC
8709	A7D9
8709	A7F3
8709	A87C
8709	A8E0
8709	A8E0
8709	B0FC
8709	B943
8801	A6AB
8801	A6AD
8801	A8E0
8801	A8E0
8801	A8E0
8802	A6D1
8803	A4E9
8803	A8AD
8803	A8AD
8803	A8AD
8804	B0FC
8809	A7F3
8809	AAC0
8809	AAC0
8809	AE61
9010	A470
9010	A4E5
9010	A4E5
9010	ADB5
9010	B4B2
9010	B8D6
9010	BAA9
9010	BF57
9010	C04A
9010	C0B8
9010	C3B8
9010	C3C0
9020	A4EC
9020	A4F4
9020	A5AC
9020	A5C1
9020	A5D6
9020	A5E6
9020	A642
9020	A661
9020	ADB5
9020	AEBA
9020	B0A8
9020	B0EA
9020	B8DC
9020	B971
9020	BA71
9020	BA71
9020	BA71
9020	BA71
9020	BA71
9020	BB52
9020	BBA1
9020	BBA1
9020	BBA1
9020	BC40
9020	BCD6
9020	BFF4
9020	C2F8
9020	C55D
9020	C672
9031	AC79
9031	ADB5
9031	ADB5
9031	BC40
9031	BC40
9039	AAED
9039	AAED
9039	ADB5
9039	B860
9039	BB52
9039	BF4F
9039	C3C0
9039	C3C0
9039	C3C0
9101	A6B3
9101	B9CF
9101	C0C9
9102	A4F4
9102	A661
9102	AEFC
9102	B0CA
9102	B0EA
9102	B4D3
9103	A475
9103	A4D1
9103	A4E5
9103	A4E5
9103	A4E5
9103	A4E5
9103	A576
9103	AAC0
9103	ACEC
9103	ACF6
9103	ACFC
9103	AE69
9103	B3D5
9103	C3C0
9103	C3C0
9103	C4FA
9200	A4BD
9200	A8ED
9200	B3D5
9200	B942
9200	BCD6
9311	C2BE
9311	C2BE
9311	C2BE
9312	A5D0
9312	A658
9312	A6D0
9312	A8AC
9312	AAC5
9312	AB4F
9312	AC58
9312	AE67
9312	AEB1
9312	AEE0
9312	B0A8
9312	B0AA
9312	B0B7
9312	B0B7
9312	B1C6
9312	B4CE
9312	B4E5
9312	B660
9312	B7C6
9312	B7C8
9312	B942
9312	B942
9312	BAA3
9312	BAF4
9312	BCB2
9312	C1C9
9312	C253
9312	C36B
9312	C478
9319	B56E
9319	B942
9319	B942
9319	B942
9319	C476
9321	A544
9321	B943
9322	A564
9322	ADB5
9322	B5F8
9322	B5F8
9323	A95D
9323	AF53
9323	B073
9323	B073
9323	BA71
9323	BB52
9323	BB52
9324	A470
9324	A7A8
9324	A7EB
9324	B971
9324	B971
9329	A457
9329	AA78
9329	AEFC
9329	B3A8
9329	B3A8
9329	BAA9
9329	BCAF
9410	A440
9410	A4D1
9410	A6F2
9410	ADD7
9410	B0F2
9410	B24D
9410	B944
9410	B944
9410	BC71
9421	A475
9421	A475
9421	A475
9421	A475
9421	B0D3
9421	B0D3
9421	B0D3
9421	B0D3
9421	BFE9
9421	BFE9
9421	C471
9422	A467
9422	A475
9422	A4A3
9422	A4A4
9422	A4F4
9422	A4F4
9422	A4FA
9422	A661
9422	A74E
9422	A755
9422	A7DE
9422	AAAB
9422	AAC0
9422	ABD8
9422	ABDF
9422	B1D0
9422	B2EE
9422	B3A3
9422	B5B2
9422	B773
9422	B77C
9422	B971
9422	C0B3
9422	C0E7
9422	C0F4
9422	C17B
9422	C2BE
9422	C2E5
9422	C2E5
9422	C2E5
9422	C37E
9422	C3C4
9422	C540
9423	A475
9423	A5F8
9423	B2A3
9423	C160
9423	C2BE
9424	B941
9424	BAAE
9491	A5FE
9491	AC46
9499	A46A
9499	A553
9499	A5C1
9499	A5C1
9499	A650
9499	A650
9499	A6B1
9499	A6D1
9499	A7DF
9499	A8BE
9499	A976
9499	AAC0
9499	AB4F
9499	B0EA
9499	B1D0
9499	B4D1
9499	B7E0
9499	B8D6
9499	BEC7
9499	BEF4
9499	C0F4
9499	C2E5
9499	C5AA
9499	C65B
9511	A854
9511	A854
9511	A854
9511	A854
9512	A7EB
9512	A854
9512	A854
9512	A854
9512	A854
9512	A854
9521	A64C
9521	A6DB
9521	A6F8
9521	ADD3
9521	B1BD
9521	B971
9521	B971
9521	BE50
9521	BFC3
9522	A4E2
9522	B371
9522	B6C7
9522	B971
9523	A6AC
9523	A74E
9523	AC7E
9523	ADB5
9523	AE61
9523	AE61
9523	AF4D
9523	B0A3
9523	B5F8
9523	B778
9523	B7D3
9523	B971
9523	B971
9523	BCF6
9523	BFFD
9591	B971
9591	BEF7
9591	BEF7
9599	A5B4
9599	A5D6
9599	A6DB
9599	A6E7
9599	AAB1
9599	ABC7
9599	ADBA
9599	ADD7
9599	AE61
9599	B074
9599	B942
9599	BCD6
9599	BF69
9599	C2B4
9599	C4C1
9610	A4F2
9610	A5D6
9610	A661
9610	A6DB
9610	AC7E
9610	AC7E
9610	B0AE
9610	B54C
9621	ACFC
9621	B27A
9621	BE76
9622	ABFC
9622	ACFC
9622	ACFC
9622	ACFC
9622	ACFC
9622	ACFC
9622	BD47
9630	A4BD
9630	A4F5
9630	B0A9
9630	C26C
9630	C26C
9630	C26C
9630	C364
9640	A8FC
9690	A2D9
9690	A454
9690	A4E2
9690	A54E
9690	A565
9690	A672
9690	A7EB
9690	A7EB
9690	A7EB
9690	A7EB
9690	A8AD
9690	A8E8
9690	A8ED
9690	AA79
9690	ABF6
9690	AC79
9690	ACEF
9690	ACFC
9690	AFBE
9690	B142
9690	B142
9690	B142
9690	B3F4
9690	B773
9690	B7C5
9690	B87D
9690	BAE2
9690	C0BF
9690	C364
9690	C364
9690	C364
